# Wavelength  (nm), Reflectance (%)
250.000000, 23.803554
251.000000, 23.343676
252.000000, 22.490593
253.000000, 22.429190
254.000000, 22.280225
255.000000, 21.340954
256.000000, 21.613615
257.000000, 21.043069
258.000000, 21.149939
259.000000, 20.099568
260.000000, 20.374097
261.000000, 19.561265
262.000000, 18.895760
263.000000, 18.619219
264.000000, 17.547316
265.000000, 17.819383
266.000000, 17.235567
267.000000, 16.445774
268.000000, 16.824109
269.000000, 15.249659
270.000000, 16.260758
271.000000, 14.812383
272.000000, 15.035088
273.000000, 14.189742
274.000000, 14.573012
275.000000, 13.639666
276.000000, 12.623514
277.000000, 12.846612
278.000000, 11.313599
279.000000, 10.445174
280.000000, 10.058593
281.000000, 9.004634
282.000000, 10.094360
283.000000, 10.291824
284.000000, 7.606315
285.000000, 7.581541
286.000000, 7.609822
287.000000, 6.546211
288.000000, 7.347947
289.000000, 5.354982
290.000000, 5.132653
291.000000, 3.894226
292.000000, 6.068306
293.000000, 4.226105
294.000000, 2.401502
295.000000, 3.289741
296.000000, 4.229728
297.000000, 3.661950
298.000000, 4.505788
299.000000, 3.534103
300.000000, 4.918897
301.000000, 6.343708
302.000000, 6.125650
303.000000, 6.966758
304.000000, 6.791212
305.000000, 7.430737
306.000000, 8.779902
307.000000, 9.835450
308.000000, 9.106383
309.000000, 9.206583
310.000000, 11.847031
311.000000, 11.962473
312.000000, 12.778304
313.000000, 12.052920
314.000000, 12.994081
315.000000, 14.184089
316.000000, 15.153553
317.000000, 14.245136
318.000000, 14.683189
319.000000, 16.143884
320.000000, 15.861740
321.000000, 14.060357
322.000000, 10.787988
323.000000, 12.312350
324.000000, 9.959171
325.000000, 8.223463
326.000000, 7.848936
327.000000, 5.190937
328.000000, 4.892854
329.000000, 2.864531
330.000000, 3.898489
331.000000, 3.374809
332.000000, 3.739056
333.000000, 2.671726
334.000000, 5.162173
335.000000, 3.471147
336.000000, 4.045840
337.000000, 4.085708
338.000000, 4.402124
339.000000, 8.055731
340.000000, 11.914369
341.000000, 15.241187
342.000000, 19.912088
343.000000, 22.397550
344.000000, 22.386926
345.000000, 20.277505
346.000000, 18.171673
347.000000, 16.574471
348.000000, 15.849352
349.000000, 15.998965
350.000000, 19.124913
351.000000, 23.281245
352.000000, 27.405974
353.000000, 33.758627
354.000000, 40.003624
355.000000, 47.049250
356.000000, 53.346647
357.000000, 56.648016
358.000000, 57.658300
359.000000, 56.314989
360.000000, 55.005013
361.000000, 54.928576
362.000000, 57.153660
363.000000, 61.010260
364.000000, 62.815359
365.000000, 61.065033
366.000000, 55.477617
367.000000, 47.019548
368.000000, 36.623565
369.000000, 27.404046
370.000000, 19.467921
371.000000, 13.801713
372.000000, 10.112906
373.000000, 6.873302
374.000000, 5.816710
375.000000, 5.282641
376.000000, 4.540831
377.000000, 3.990790
378.000000, 3.685289
379.000000, 2.985282
380.000000, 2.391263
381.000000, 1.970812
382.000000, 1.598894
383.000000, 1.544913
384.000000, 1.995116
385.000000, 1.580201
386.000000, 1.136930
387.000000, 1.495211
388.000000, 1.349555
389.000000, 1.173832
390.000000, 1.749696
391.000000, 1.945872
392.000000, 2.068069
393.000000, 2.195171
394.000000, 2.061089
395.000000, 2.080007
396.000000, 2.321771
397.000000, 2.560366
398.000000, 2.636616
399.000000, 2.900893
400.000000, 2.935449
401.000000, 3.092456
402.000000, 2.855396
403.000000, 2.914881
404.000000, 3.133711
405.000000, 3.131142
406.000000, 3.298724
407.000000, 3.138480
408.000000, 3.032254
409.000000, 2.553019
410.000000, 2.343104
411.000000, 2.018214
412.000000, 1.966112
413.000000, 1.747364
414.000000, 1.749216
415.000000, 1.774566
416.000000, 1.697627
417.000000, 1.713536
418.000000, 1.869790
419.000000, 1.847790
420.000000, 1.881918
421.000000, 1.936160
422.000000, 1.948394
423.000000, 1.998103
424.000000, 1.959106
425.000000, 1.858948
426.000000, 1.936852
427.000000, 1.963158
428.000000, 2.072800
429.000000, 2.046605
430.000000, 2.051053
431.000000, 2.126794
432.000000, 2.278425
433.000000, 2.354435
434.000000, 2.472599
435.000000, 2.494178
436.000000, 2.569655
437.000000, 2.522404
438.000000, 2.440387
439.000000, 2.429207
440.000000, 2.435359
441.000000, 2.621558
442.000000, 2.663132
443.000000, 2.665092
444.000000, 2.666665
445.000000, 2.636047
446.000000, 2.342777
447.000000, 2.268972
448.000000, 2.168894
449.000000, 2.289885
450.000000, 2.368237
451.000000, 2.584429
452.000000, 2.770296
453.000000, 2.914428
454.000000, 2.922263
455.000000, 3.002483
456.000000, 3.013377
457.000000, 3.057856
458.000000, 2.988287
459.000000, 3.042834
460.000000, 2.955110
461.000000, 2.831859
462.000000, 2.587461
463.000000, 2.510645
464.000000, 2.394603
465.000000, 2.415093
466.000000, 2.440971
467.000000, 2.600758
468.000000, 2.743689
469.000000, 2.861792
470.000000, 2.902451
471.000000, 2.872288
472.000000, 2.822614
473.000000, 2.731175
474.000000, 2.727245
475.000000, 2.884242
476.000000, 3.346836
477.000000, 4.176502
478.000000, 5.512794
479.000000, 7.444031
480.000000, 10.084341
481.000000, 13.451830
482.000000, 17.491426
483.000000, 22.026103
484.000000, 26.911288
485.000000, 31.841010
486.000000, 36.647890
487.000000, 41.087914
488.000000, 45.166284
489.000000, 49.048229
490.000000, 52.910433
491.000000, 56.979816
492.000000, 61.592376
493.000000, 66.730810
494.000000, 72.207085
495.000000, 77.787289
496.000000, 83.048336
497.000000, 87.712875
498.000000, 91.451679
499.000000, 94.315060
500.000000, 96.303272
501.000000, 97.641342
502.000000, 98.472397
503.000000, 98.917900
504.000000, 99.234428
505.000000, 99.364372
506.000000, 99.475346
507.000000, 99.532532
508.000000, 99.544876
509.000000, 99.564865
510.000000, 99.588673
511.000000, 99.599186
512.000000, 99.576294
513.000000, 99.560085
514.000000, 99.570679
515.000000, 99.524220
516.000000, 99.489323
517.000000, 99.399509
518.000000, 99.273800
519.000000, 99.100658
520.000000, 98.875080
521.000000, 98.587322
522.000000, 98.312412
523.000000, 98.062603
524.000000, 97.872181
525.000000, 97.800079
526.000000, 97.843685
527.000000, 97.940681
528.000000, 98.148575
529.000000, 98.339138
530.000000, 98.511238
531.000000, 98.595623
532.000000, 98.564201
533.000000, 98.407635
534.000000, 98.174377
535.000000, 97.928806
536.000000, 97.688923
537.000000, 97.560959
538.000000, 97.495419
539.000000, 97.567261
540.000000, 97.754017
541.000000, 98.020145
542.000000, 98.327332
543.000000, 98.651230
544.000000, 98.908688
545.000000, 99.141087
546.000000, 99.254372
547.000000, 99.361130
548.000000, 99.361244
549.000000, 99.357246
550.000000, 99.338001
551.000000, 99.247669
552.000000, 99.197350
553.000000, 99.101860
554.000000, 98.936710
555.000000, 98.811749
556.000000, 98.619175
557.000000, 98.463242
558.000000, 98.299850
559.000000, 98.115318
560.000000, 97.968388
561.000000, 97.853802
562.000000, 97.701057
563.000000, 97.648426
564.000000, 97.602509
565.000000, 97.536854
566.000000, 97.509834
567.000000, 97.517033
568.000000, 97.508278
569.000000, 97.561268
570.000000, 97.641308
571.000000, 97.744820
572.000000, 97.892460
573.000000, 98.026142
574.000000, 98.187988
575.000000, 98.322273
576.000000, 98.482532
577.000000, 98.569897
578.000000, 98.662838
579.000000, 98.660973
580.000000, 98.658176
581.000000, 98.645382
582.000000, 98.620884
583.000000, 98.619484
584.000000, 98.601887
585.000000, 98.591873
586.000000, 98.607666
587.000000, 98.598137
588.000000, 98.660904
589.000000, 98.727661
590.000000, 98.819588
591.000000, 98.885715
592.000000, 98.974129
593.000000, 99.038788
594.000000, 99.104107
595.000000, 99.187580
596.000000, 99.204346
597.000000, 99.203163
598.000000, 99.140846
599.000000, 99.037949
600.000000, 98.974377
601.000000, 98.893169
602.000000, 98.848137
603.000000, 98.803444
604.000000, 98.795589
605.000000, 98.795746
606.000000, 98.837254
607.000000, 98.843700
608.000000, 98.890453
609.000000, 98.907166
610.000000, 98.943298
611.000000, 98.952072
612.000000, 98.925514
613.000000, 98.881813
614.000000, 98.859837
615.000000, 98.866299
616.000000, 98.879238
617.000000, 98.944595
618.000000, 99.031994
619.000000, 99.142822
620.000000, 99.234314
621.000000, 99.317120
622.000000, 99.416912
623.000000, 99.475765
624.000000, 99.511841
625.000000, 99.529724
626.000000, 99.520256
627.000000, 99.477505
628.000000, 99.384842
629.000000, 99.310806
630.000000, 99.231155
631.000000, 99.171047
632.000000, 99.141678
633.000000, 99.096420
634.000000, 99.105946
635.000000, 99.115292
636.000000, 99.100479
637.000000, 99.126129
638.000000, 99.084080
639.000000, 99.049255
640.000000, 98.992043
641.000000, 98.949535
642.000000, 98.903740
643.000000, 98.885826
644.000000, 98.896099
645.000000, 98.915436
646.000000, 98.936871
647.000000, 98.960342
648.000000, 98.998695
649.000000, 99.096340
650.000000, 99.210491
651.000000, 99.324322
652.000000, 99.399303
653.000000, 99.465569
654.000000, 99.459961
655.000000, 99.433933
656.000000, 99.304199
657.000000, 99.100437
658.000000, 98.932480
659.000000, 98.708698
660.000000, 98.542015
661.000000, 98.404121
662.000000, 98.356735
663.000000, 98.366627
664.000000, 98.442429
665.000000, 98.556412
666.000000, 98.732746
667.000000, 98.972633
668.000000, 99.157459
669.000000, 99.333656
670.000000, 99.464039
671.000000, 99.539394
672.000000, 99.602047
673.000000, 99.615013
674.000000, 99.629299
675.000000, 99.653217
676.000000, 99.670029
677.000000, 99.644203
678.000000, 99.643387
679.000000, 99.610104
680.000000, 99.592987
681.000000, 99.566731
682.000000, 99.552948
683.000000, 99.551247
684.000000, 99.533657
685.000000, 99.480049
686.000000, 99.502563
687.000000, 99.479202
688.000000, 99.505348
689.000000, 99.481979
690.000000, 99.531647
691.000000, 99.513351
692.000000, 99.559624
693.000000, 99.590816
694.000000, 99.603100
695.000000, 99.609295
696.000000, 99.628685
697.000000, 99.653137
698.000000, 99.637588
699.000000, 99.610420
700.000000, 99.628704
701.000000, 99.639145
702.000000, 99.611656
703.000000, 99.572006
704.000000, 99.557407
705.000000, 99.507038
706.000000, 99.453884
707.000000, 99.404438
708.000000, 99.303837
709.000000, 99.262199
710.000000, 99.178127
711.000000, 99.075943
712.000000, 99.055351
713.000000, 98.999676
714.000000, 98.970783
715.000000, 98.967052
716.000000, 98.944862
717.000000, 98.982796
718.000000, 99.023125
719.000000, 99.072098
720.000000, 99.061653
721.000000, 99.142929
722.000000, 99.170200
723.000000, 99.210487
724.000000, 99.274040
725.000000, 99.338230
726.000000, 99.360840
727.000000, 99.394066
728.000000, 99.368153
729.000000, 99.419334
730.000000, 99.349884
731.000000, 99.335220
732.000000, 99.283611
733.000000, 99.222984
734.000000, 99.148258
735.000000, 99.034554
736.000000, 98.932621
737.000000, 98.723583
738.000000, 98.582668
739.000000, 98.482704
740.000000, 98.373203
741.000000, 98.264919
742.000000, 98.242897
743.000000, 98.162045
744.000000, 98.188335
745.000000, 98.202419
746.000000, 98.260166
747.000000, 98.346474
748.000000, 98.410778
749.000000, 98.552868
750.000000, 98.713406
751.000000, 98.846130
752.000000, 99.021255
753.000000, 99.100197
754.000000, 99.220371
755.000000, 99.279621
756.000000, 99.346455
757.000000, 99.372551
758.000000, 99.445538
759.000000, 99.453449
760.000000, 99.471958
761.000000, 99.501080
762.000000, 99.512081
763.000000, 99.534512
764.000000, 99.544880
765.000000, 99.579655
766.000000, 99.529312
767.000000, 99.575012
768.000000, 99.550388
769.000000, 99.526409
770.000000, 99.554909
771.000000, 99.531700
772.000000, 99.517441
773.000000, 99.490284
774.000000, 99.496731
775.000000, 99.473068
776.000000, 99.460709
777.000000, 99.475044
778.000000, 99.446239
779.000000, 99.441124
780.000000, 99.398968
781.000000, 99.429504
782.000000, 99.411583
783.000000, 99.388710
784.000000, 99.382748
785.000000, 99.383644
786.000000, 99.408043
787.000000, 99.409416
788.000000, 99.395317
789.000000, 99.406437
790.000000, 99.433567
791.000000, 99.420422
792.000000, 99.423973
793.000000, 99.441597
794.000000, 99.447529
795.000000, 99.430920
796.000000, 99.453312
797.000000, 99.424721
798.000000, 99.438389
799.000000, 99.454971
800.000000, 99.449726
801.000000, 99.444878
802.000000, 99.421970
803.000000, 99.394417
804.000000, 99.416317
805.000000, 99.425079
806.000000, 99.385128
807.000000, 99.359863
808.000000, 99.343849
809.000000, 99.321796
810.000000, 99.345642
811.000000, 99.250790
812.000000, 99.256363
813.000000, 99.204239
814.000000, 99.121204
815.000000, 99.086815
816.000000, 99.038002
817.000000, 98.944523
818.000000, 98.822208
819.000000, 98.743736
820.000000, 98.569355
821.000000, 98.378326
822.000000, 98.192921
823.000000, 97.923557
824.000000, 97.558022
825.000000, 97.155155
826.000000, 96.656853
827.000000, 96.013912
828.000000, 95.241192
829.000000, 94.311546
830.000000, 93.114399
831.000000, 91.743153
832.000000, 90.212616
833.000000, 88.417866
834.000000, 86.456738
835.000000, 84.351719
836.000000, 82.077953
837.000000, 79.810616
838.000000, 77.621780
839.000000, 75.400743
840.000000, 73.207861
841.000000, 71.297680
842.000000, 69.374966
843.000000, 67.670418
844.000000, 66.249090
845.000000, 64.974209
846.000000, 63.932531
847.000000, 63.125011
848.000000, 62.533607
849.000000, 62.124389
850.000000, 61.888559
851.000000, 61.730050
852.000000, 61.628915
853.000000, 61.529091
854.000000, 61.384933
855.000000, 61.166849
856.000000, 60.876356
857.000000, 60.457561
858.000000, 59.922250
859.000000, 59.254183
860.000000, 58.499446
861.000000, 57.530149
862.000000, 56.483205
863.000000, 55.404638
864.000000, 54.204219
865.000000, 52.987791
866.000000, 51.814465
867.000000, 50.673602
868.000000, 49.586910
869.000000, 48.645902
870.000000, 47.834786
871.000000, 47.116272
872.000000, 46.562660
873.000000, 46.135283
874.000000, 45.823933
875.000000, 45.592546
876.000000, 45.443191
877.000000, 45.295966
878.000000, 45.151352
879.000000, 44.996565
880.000000, 44.806765
881.000000, 44.607078
882.000000, 44.391268
883.000000, 44.150961
884.000000, 43.925883
885.000000, 43.707150
886.000000, 43.517125
887.000000, 43.392433
888.000000, 43.313696
889.000000, 43.297384
890.000000, 43.347805
891.000000, 43.473276
892.000000, 43.660374
893.000000, 43.933722
894.000000, 44.269865
895.000000, 44.649368
896.000000, 45.126928
897.000000, 45.665817
898.000000, 46.263016
899.000000, 46.959223
900.000000, 47.733257
901.000000, 48.544144
902.000000, 49.448851
903.000000, 50.430508
904.000000, 51.424316
905.000000, 52.477465
906.000000, 53.558176
907.000000, 54.568041
908.000000, 55.549849
909.000000, 56.501844
910.000000, 57.323231
911.000000, 58.057089
912.000000, 58.684910
913.000000, 59.133554
914.000000, 59.451197
915.000000, 59.615862
916.000000, 59.626074
917.000000, 59.471970
918.000000, 59.189707
919.000000, 58.770807
920.000000, 58.252844
921.000000, 57.623501
922.000000, 56.907892
923.000000, 56.140029
924.000000, 55.321670
925.000000, 54.441615
926.000000, 53.612511
927.000000, 52.765170
928.000000, 51.933972
929.000000, 51.176900
930.000000, 50.431271
931.000000, 49.742776
932.000000, 49.136176
933.000000, 48.574934
934.000000, 48.081714
935.000000, 47.626647
936.000000, 47.218571
937.000000, 46.821717
938.000000, 46.426247
939.000000, 46.049312
940.000000, 45.609852
941.000000, 45.118063
942.000000, 44.573915
943.000000, 43.914658
944.000000, 43.133030
945.000000, 42.320317
946.000000, 41.366840
947.000000, 40.317262
948.000000, 39.279489
949.000000, 38.168069
950.000000, 37.046759
951.000000, 36.043520
952.000000, 35.126748
953.000000, 34.324986
954.000000, 33.675437
955.000000, 33.225369
956.000000, 32.934668
957.000000, 32.855666
958.000000, 32.937702
959.000000, 33.197353
960.000000, 33.592237
961.000000, 34.086008
962.000000, 34.666657
963.000000, 35.298495
964.000000, 35.906500
965.000000, 36.504023
966.000000, 37.075150
967.000000, 37.557499
968.000000, 37.973120
969.000000, 38.327161
970.000000, 38.576829
971.000000, 38.750759
972.000000, 38.848691
973.000000, 38.877399
974.000000, 38.835224
975.000000, 38.737981
976.000000, 38.590442
977.000000, 38.390062
978.000000, 38.141821
979.000000, 37.867256
980.000000, 37.555305
981.000000, 37.212229
982.000000, 36.834221
983.000000, 36.459100
984.000000, 36.048949
985.000000, 35.623993
986.000000, 35.197334
987.000000, 34.759384
988.000000, 34.309314
989.000000, 33.874558
990.000000, 33.452652
991.000000, 33.032495
992.000000, 32.629863
993.000000, 32.261598
994.000000, 31.901743
995.000000, 31.566225
996.000000, 31.275380
997.000000, 31.010685
998.000000, 30.774240
999.000000, 30.576799
1000.000000, 30.392060
1001.000000, 30.237264
1002.000000, 30.112496
1003.000000, 30.007597
1004.000000, 29.906024
1005.000000, 29.828843
1006.000000, 29.753351
1007.000000, 29.681389
1008.000000, 29.613361
1009.000000, 29.537430
1010.000000, 29.460519
1011.000000, 29.371275
1012.000000, 29.282505
1013.000000, 29.174848
1014.000000, 29.057449
1015.000000, 28.945667
1016.000000, 28.820157
1017.000000, 28.696134
1018.000000, 28.563517
1019.000000, 28.430621
1020.000000, 28.297423
1021.000000, 28.184488
1022.000000, 28.071671
1023.000000, 27.977234
1024.000000, 27.898872
1025.000000, 27.850476
1026.000000, 27.830791
1027.000000, 27.839278
1028.000000, 27.888793
1029.000000, 27.977949
1030.000000, 28.119557
1031.000000, 28.305418
1032.000000, 28.552684
1033.000000, 28.843754
1034.000000, 29.180219
1035.000000, 29.588778
1036.000000, 30.047758
1037.000000, 30.541332
1038.000000, 31.105478
1039.000000, 31.718649
1040.000000, 32.335024
1041.000000, 33.011973
1042.000000, 33.717867
1043.000000, 34.410731
1044.000000, 35.168434
1045.000000, 35.921291
1046.000000, 36.634806
1047.000000, 37.365123
1048.000000, 38.081145
1049.000000, 38.756220
1050.000000, 39.427511
1051.000000, 40.040117
1052.000000, 40.603166
1053.000000, 41.123351
1054.000000, 41.613653
1055.000000, 42.068951
1056.000000, 42.481462
1057.000000, 42.863403
1058.000000, 43.209181
1059.000000, 43.488774
1060.000000, 43.731772
1061.000000, 43.947487
1062.000000, 44.103604
1063.000000, 44.240627
1064.000000, 44.339192
1065.000000, 44.389867
1066.000000, 44.421522
1067.000000, 44.403772
1068.000000, 44.368401
1069.000000, 44.285842
1070.000000, 44.186334
1071.000000, 44.046839
1072.000000, 43.913879
1073.000000, 43.741231
1074.000000, 43.557234
1075.000000, 43.348329
1076.000000, 43.136778
1077.000000, 42.906162
1078.000000, 42.677191
1079.000000, 42.454910
1080.000000, 42.215478
1081.000000, 41.987417
1082.000000, 41.757581
1083.000000, 41.536969
1084.000000, 41.350739
1085.000000, 41.158741
1086.000000, 40.989073
1087.000000, 40.864841
1088.000000, 40.743855
1089.000000, 40.650380
1090.000000, 40.570175
1091.000000, 40.530245
1092.000000, 40.520607
1093.000000, 40.536277
1094.000000, 40.566901
1095.000000, 40.627825
1096.000000, 40.725112
1097.000000, 40.828746
1098.000000, 40.947278
1099.000000, 41.101751
1100.000000, 41.230023
1101.000000, 41.423079
1102.000000, 41.564880
1103.000000, 41.740604
1104.000000, 41.902571
1105.000000, 42.075102
1106.000000, 42.227998
1107.000000, 42.380101
1108.000000, 42.504648
1109.000000, 42.628735
1110.000000, 42.722963
1111.000000, 42.809490
1112.000000, 42.867388
1113.000000, 42.911790
1114.000000, 42.928497
1115.000000, 42.925280
1116.000000, 42.892473
1117.000000, 42.848038
1118.000000, 42.760835
1119.000000, 42.664389
1120.000000, 42.546994
1121.000000, 42.378160
1122.000000, 42.214096
1123.000000, 42.019072
1124.000000, 41.811825
1125.000000, 41.561743
1126.000000, 41.310368
1127.000000, 41.016692
1128.000000, 40.718126
1129.000000, 40.427120
1130.000000, 40.076845
1131.000000, 39.725699
1132.000000, 39.381876
1133.000000, 38.978455
1134.000000, 38.584710
1135.000000, 38.203128
1136.000000, 37.776366
1137.000000, 37.349949
1138.000000, 36.937231
1139.000000, 36.458910
1140.000000, 36.018472
1141.000000, 35.592186
1142.000000, 35.119397
1143.000000, 34.654488
1144.000000, 34.205574
1145.000000, 33.729096
1146.000000, 33.268137
1147.000000, 32.830131
1148.000000, 32.366354
1149.000000, 31.916481
1150.000000, 31.503187
1151.000000, 31.055138
1152.000000, 30.637801
1153.000000, 30.241480
1154.000000, 29.855121
1155.000000, 29.468990
1156.000000, 29.118500
1157.000000, 28.802515
1158.000000, 28.443470
1159.000000, 28.149450
1160.000000, 27.880518
1161.000000, 27.645723
1162.000000, 27.367769
1163.000000, 27.172568
1164.000000, 26.980789
1165.000000, 26.809672
1166.000000, 26.659263
1167.000000, 26.532662
1168.000000, 26.428988
1169.000000, 26.351851
1170.000000, 26.283159
1171.000000, 26.241546
1172.000000, 26.209810
1173.000000, 26.211854
1174.000000, 26.223553
1175.000000, 26.264691
1176.000000, 26.313078
1177.000000, 26.387140
1178.000000, 26.471137
1179.000000, 26.566684
1180.000000, 26.683370
1181.000000, 26.823183
1182.000000, 26.970143
1183.000000, 27.137265
1184.000000, 27.320854
1185.000000, 27.512264
1186.000000, 27.727911
1187.000000, 27.962834
1188.000000, 28.205693
1189.000000, 28.443475
1190.000000, 28.743886
1191.000000, 29.029650
1192.000000, 29.341075
1193.000000, 29.681727
1194.000000, 30.020162
1195.000000, 30.384567
1196.000000, 30.787705
1197.000000, 31.189561
1198.000000, 31.598721
1199.000000, 32.026550
1200.000000, 32.495993
1201.000000, 32.945415
1202.000000, 33.448418
1203.000000, 33.969146
1204.000000, 34.498142
1205.000000, 34.966237
1206.000000, 35.542425
1207.000000, 36.082053
1208.000000, 36.655986
1209.000000, 37.231745
1210.000000, 37.798786
1211.000000, 38.351672
1212.000000, 38.930688
1213.000000, 39.507216
1214.000000, 40.065901
1215.000000, 40.641388
1216.000000, 41.190489
1217.000000, 41.704655
1218.000000, 42.257515
1219.000000, 42.783119
1220.000000, 43.278912
1221.000000, 43.761768
1222.000000, 44.224194
1223.000000, 44.657326
1224.000000, 45.084171
1225.000000, 45.508209
1226.000000, 45.859461
1227.000000, 46.211838
1228.000000, 46.513824
1229.000000, 46.822950
1230.000000, 47.091440
1231.000000, 47.340820
1232.000000, 47.540480
1233.000000, 47.710159
1234.000000, 47.842283
1235.000000, 47.991144
1236.000000, 48.104195
1237.000000, 48.145329
1238.000000, 48.168444
1239.000000, 48.178197
1240.000000, 48.147900
1241.000000, 48.100156
1242.000000, 48.011536
1243.000000, 47.899651
1244.000000, 47.791088
1245.000000, 47.558354
1246.000000, 47.406487
1247.000000, 47.191854
1248.000000, 46.952003
1249.000000, 46.711408
1250.000000, 46.407690
1251.000000, 46.134912
1252.000000, 45.765080
1253.000000, 45.412557
1254.000000, 45.050467
1255.000000, 44.670362
1256.000000, 44.266405
1257.000000, 43.829622
1258.000000, 43.414121
1259.000000, 42.959032
1260.000000, 42.485010
1261.000000, 42.019803
1262.000000, 41.533265
1263.000000, 41.016666
1264.000000, 40.543745
1265.000000, 40.020555
1266.000000, 39.484450
1267.000000, 38.973701
1268.000000, 38.444252
1269.000000, 37.915927
1270.000000, 37.385277
1271.000000, 36.863009
1272.000000, 36.316841
1273.000000, 35.780322
1274.000000, 35.281042
1275.000000, 34.760221
1276.000000, 34.237430
1277.000000, 33.754881
1278.000000, 33.251985
1279.000000, 32.760395
1280.000000, 32.300612
1281.000000, 31.843913
1282.000000, 31.385081
1283.000000, 30.992904
1284.000000, 30.587801
1285.000000, 30.200276
1286.000000, 29.866109
1287.000000, 29.549261
1288.000000, 29.256452
1289.000000, 28.999482
1290.000000, 28.783132
1291.000000, 28.590214
1292.000000, 28.445759
1293.000000, 28.340862
1294.000000, 28.269344
1295.000000, 28.246533
1296.000000, 28.277319
1297.000000, 28.337523
1298.000000, 28.446443
1299.000000, 28.597939
1300.000000, 28.792890
1301.000000, 29.040229
1302.000000, 29.319391
1303.000000, 29.642267
1304.000000, 30.008427
1305.000000, 30.387234
1306.000000, 30.813426
1307.000000, 31.264699
1308.000000, 31.740655
1309.000000, 32.247023
1310.000000, 32.784708
1311.000000, 33.305217
1312.000000, 33.836469
1313.000000, 34.395775
1314.000000, 34.961634
1315.000000, 35.495751
1316.000000, 36.069633
1317.000000, 36.639968
1318.000000, 37.168831
1319.000000, 37.696480
1320.000000, 38.250150
1321.000000, 38.741682
1322.000000, 39.256547
1323.000000, 39.740078
1324.000000, 40.200491
1325.000000, 40.640926
1326.000000, 41.067352
1327.000000, 41.452695
1328.000000, 41.835479
1329.000000, 42.193619
1330.000000, 42.526697
1331.000000, 42.833605
1332.000000, 43.126031
1333.000000, 43.377274
1334.000000, 43.617938
1335.000000, 43.835782
1336.000000, 44.039990
1337.000000, 44.202975
1338.000000, 44.345664
1339.000000, 44.481003
1340.000000, 44.588990
1341.000000, 44.653757
1342.000000, 44.741858
1343.000000, 44.785294
1344.000000, 44.806560
1345.000000, 44.815185
1346.000000, 44.801434
1347.000000, 44.775572
1348.000000, 44.732752
1349.000000, 44.673051
1350.000000, 44.602701
1351.000000, 44.509722
1352.000000, 44.391134
1353.000000, 44.286357
1354.000000, 44.161661
1355.000000, 43.999254
1356.000000, 43.852098
1357.000000, 43.678573
1358.000000, 43.484521
1359.000000, 43.306006
1360.000000, 43.103817
1361.000000, 42.884452
1362.000000, 42.664713
1363.000000, 42.425526
1364.000000, 42.186513
1365.000000, 41.934936
1366.000000, 41.683268
1367.000000, 41.403605
1368.000000, 41.131466
1369.000000, 40.873966
1370.000000, 40.559093
1371.000000, 40.279161
1372.000000, 39.971368
1373.000000, 39.646033
1374.000000, 39.330516
1375.000000, 39.027285
1376.000000, 38.701320
1377.000000, 38.381699
1378.000000, 38.073484
1379.000000, 37.733316
1380.000000, 37.394348
1381.000000, 37.074149
1382.000000, 36.732904
1383.000000, 36.406828
1384.000000, 36.096176
1385.000000, 35.782753
1386.000000, 35.473853
1387.000000, 35.206001
1388.000000, 34.929672
1389.000000, 34.655896
1390.000000, 34.393436
1391.000000, 34.135780
1392.000000, 33.865096
1393.000000, 33.596574
1394.000000, 33.347812
1395.000000, 33.088169
1396.000000, 32.818811
1397.000000, 32.566901
1398.000000, 32.318150
1399.000000, 32.079654
1400.000000, 31.847338
1401.000000, 31.618248
1402.000000, 31.383065
1403.000000, 31.152030
1404.000000, 30.929499
1405.000000, 30.707764
1406.000000, 30.491467
1407.000000, 30.281825
1408.000000, 30.067581
1409.000000, 29.830731
1410.000000, 29.651508
1411.000000, 29.434517
1412.000000, 29.235282
1413.000000, 29.048672
1414.000000, 28.866176
1415.000000, 28.679848
1416.000000, 28.484015
1417.000000, 28.298308
1418.000000, 28.118569
1419.000000, 27.944122
1420.000000, 27.761860
1421.000000, 27.593904
1422.000000, 27.432854
1423.000000, 27.260870
1424.000000, 27.098168
1425.000000, 26.943044
1426.000000, 26.788929
1427.000000, 26.632257
1428.000000, 26.484696
1429.000000, 26.348905
1430.000000, 26.198369
1431.000000, 26.071292
1432.000000, 25.930553
1433.000000, 25.810709
1434.000000, 25.678253
1435.000000, 25.569026
1436.000000, 25.454522
1437.000000, 25.342306
1438.000000, 25.251548
1439.000000, 25.166509
1440.000000, 25.081046
1441.000000, 25.000956
1442.000000, 24.928919
1443.000000, 24.878039
1444.000000, 24.826094
1445.000000, 24.781047
1446.000000, 24.755847
1447.000000, 24.736028
1448.000000, 24.731352
1449.000000, 24.734473
1450.000000, 24.754864
1451.000000, 24.780663
1452.000000, 24.826867
1453.000000, 24.884247
1454.000000, 24.957977
1455.000000, 25.049593
1456.000000, 25.149723
1457.000000, 25.261429
1458.000000, 25.404144
1459.000000, 25.549225
1460.000000, 25.712484
1461.000000, 25.903785
1462.000000, 26.116426
1463.000000, 26.318098
1464.000000, 26.550664
1465.000000, 26.816124
1466.000000, 27.068644
1467.000000, 27.357511
1468.000000, 27.676682
1469.000000, 27.985468
1470.000000, 28.313601
1471.000000, 28.671869
1472.000000, 29.034987
1473.000000, 29.402622
1474.000000, 29.812921
1475.000000, 30.205295
1476.000000, 30.615911
1477.000000, 31.048429
1478.000000, 31.478724
1479.000000, 31.937016
1480.000000, 32.384803
1481.000000, 32.866291
1482.000000, 33.329180
1483.000000, 33.801419
1484.000000, 34.285854
1485.000000, 34.772897
1486.000000, 35.259682
1487.000000, 35.755630
1488.000000, 36.246741
1489.000000, 36.733019
1490.000000, 37.231197
1491.000000, 37.723652
1492.000000, 38.192636
1493.000000, 38.701694
1494.000000, 39.174066
1495.000000, 39.630480
1496.000000, 40.108386
1497.000000, 40.563576
1498.000000, 41.010659
1499.000000, 41.459007
1500.000000, 41.904009
1501.000000, 42.317081
1502.000000, 42.733090
1503.000000, 43.147166
1504.000000, 43.532202
1505.000000, 43.931748
1506.000000, 44.306520
1507.000000, 44.657640
1508.000000, 45.001598
1509.000000, 45.344585
1510.000000, 45.673170
1511.000000, 45.971624
1512.000000, 46.280178
1513.000000, 46.583946
1514.000000, 46.848827
1515.000000, 47.104290
1516.000000, 47.356998
1517.000000, 47.567524
1518.000000, 47.808126
1519.000000, 48.009623
1520.000000, 48.203445
1521.000000, 48.380123
1522.000000, 48.553640
1523.000000, 48.695982
1524.000000, 48.840010
1525.000000, 48.977110
1526.000000, 49.081963
1527.000000, 49.175674
1528.000000, 49.276354
1529.000000, 49.346319
1530.000000, 49.409451
1531.000000, 49.449224
1532.000000, 49.488792
1533.000000, 49.525200
1534.000000, 49.516478
1535.000000, 49.504725
1536.000000, 49.526588
1537.000000, 49.497843
1538.000000, 49.448729
1539.000000, 49.398751
1540.000000, 49.346579
1541.000000, 49.287187
1542.000000, 49.196625
1543.000000, 49.090197
1544.000000, 48.991732
1545.000000, 48.868137
1546.000000, 48.741149
1547.000000, 48.595654
1548.000000, 48.476381
1549.000000, 48.309158
1550.000000, 48.126625
1551.000000, 47.932164
1552.000000, 47.786581
1553.000000, 47.556872
1554.000000, 47.371763
1555.000000, 47.150405
1556.000000, 46.924998
1557.000000, 46.677856
1558.000000, 46.446490
1559.000000, 46.195626
1560.000000, 45.933821
1561.000000, 45.659566
1562.000000, 45.379731
1563.000000, 45.102096
1564.000000, 44.817615
1565.000000, 44.508348
1566.000000, 44.214613
1567.000000, 43.906743
1568.000000, 43.576888
1569.000000, 43.236232
1570.000000, 42.932659
1571.000000, 42.586431
1572.000000, 42.238820
1573.000000, 41.904728
1574.000000, 41.541873
1575.000000, 41.174913
1576.000000, 40.810440
1577.000000, 40.486497
1578.000000, 40.108325
1579.000000, 39.713953
1580.000000, 39.369155
1581.000000, 38.980547
1582.000000, 38.598773
1583.000000, 38.228210
1584.000000, 37.843385
1585.000000, 37.467601
1586.000000, 37.077365
1587.000000, 36.703093
1588.000000, 36.317771
1589.000000, 35.943522
1590.000000, 35.561502
1591.000000, 35.179202
1592.000000, 34.811788
1593.000000, 34.421031
1594.000000, 34.059484
1595.000000, 33.684350
1596.000000, 33.344814
1597.000000, 32.972964
1598.000000, 32.614434
1599.000000, 32.283418
1600.000000, 31.930831
1601.000000, 31.581492
1602.000000, 31.264513
1603.000000, 30.941280
1604.000000, 30.625625
1605.000000, 30.319304
1606.000000, 30.019295
1607.000000, 29.740024
1608.000000, 29.447921
1609.000000, 29.177339
1610.000000, 28.931736
1611.000000, 28.677674
1612.000000, 28.436941
1613.000000, 28.205599
1614.000000, 27.994905
1615.000000, 27.788872
1616.000000, 27.600670
1617.000000, 27.409749
1618.000000, 27.256432
1619.000000, 27.091056
1620.000000, 26.941761
1621.000000, 26.818780
1622.000000, 26.701282
1623.000000, 26.586010
1624.000000, 26.498416
1625.000000, 26.424880
1626.000000, 26.349685
1627.000000, 26.302395
1628.000000, 26.253794
1629.000000, 26.216997
1630.000000, 26.206853
1631.000000, 26.194256
1632.000000, 26.185388
1633.000000, 26.209714
1634.000000, 26.234887
1635.000000, 26.256417
1636.000000, 26.313956
1637.000000, 26.353994
1638.000000, 26.416196
1639.000000, 26.489844
1640.000000, 26.572265
1641.000000, 26.648818
1642.000000, 26.741733
1643.000000, 26.831702
1644.000000, 26.946039
1645.000000, 27.048477
1646.000000, 27.154903
1647.000000, 27.284875
1648.000000, 27.399814
1649.000000, 27.516976
1650.000000, 27.654458
1651.000000, 27.773835
1652.000000, 27.890333
1653.000000, 28.048036
1654.000000, 28.171078
1655.000000, 28.289163
1656.000000, 28.430515
1657.000000, 28.568779
1658.000000, 28.701781
1659.000000, 28.820967
1660.000000, 28.965560
1661.000000, 29.086226
1662.000000, 29.191489
1663.000000, 29.321756
1664.000000, 29.442763
1665.000000, 29.559226
1666.000000, 29.662378
1667.000000, 29.767738
1668.000000, 29.873240
1669.000000, 29.958590
1670.000000, 30.066466
1671.000000, 30.154613
1672.000000, 30.231038
1673.000000, 30.320597
1674.000000, 30.387305
1675.000000, 30.459056
1676.000000, 30.523363
1677.000000, 30.584714
1678.000000, 30.639790
1679.000000, 30.688783
1680.000000, 30.730206
1681.000000, 30.775590
1682.000000, 30.804766
1683.000000, 30.824516
1684.000000, 30.847268
1685.000000, 30.868023
1686.000000, 30.864559
1687.000000, 30.882241
1688.000000, 30.876715
1689.000000, 30.867532
1690.000000, 30.862586
1691.000000, 30.843923
1692.000000, 30.824172
1693.000000, 30.801286
1694.000000, 30.760771
1695.000000, 30.725738
1696.000000, 30.685006
1697.000000, 30.634311
1698.000000, 30.594430
1699.000000, 30.532822
1700.000000, 30.477372
1701.000000, 30.411916
1702.000000, 30.344165
1703.000000, 30.271734
1704.000000, 30.187453
1705.000000, 30.118764
1706.000000, 30.030876
1707.000000, 29.946469
1708.000000, 29.849800
1709.000000, 29.766912
1710.000000, 29.655827
1711.000000, 29.544410
1712.000000, 29.460391
1713.000000, 29.343369
1714.000000, 29.239934
1715.000000, 29.128910
1716.000000, 29.016777
1717.000000, 28.896006
1718.000000, 28.777547
1719.000000, 28.663028
1720.000000, 28.543872
1721.000000, 28.421428
1722.000000, 28.287897
1723.000000, 28.175524
1724.000000, 28.046475
1725.000000, 27.912686
1726.000000, 27.789506
1727.000000, 27.661720
1728.000000, 27.535981
1729.000000, 27.400953
1730.000000, 27.277139
1731.000000, 27.147426
1732.000000, 27.012587
1733.000000, 26.878709
1734.000000, 26.768055
1735.000000, 26.634948
1736.000000, 26.493685
1737.000000, 26.383373
1738.000000, 26.254514
1739.000000, 26.119362
1740.000000, 26.009003
1741.000000, 25.887888
1742.000000, 25.765718
1743.000000, 25.648544
1744.000000, 25.527368
1745.000000, 25.412949
1746.000000, 25.307226
1747.000000, 25.189660
1748.000000, 25.080926
1749.000000, 24.971831
1750.000000, 24.864135
1751.000000, 24.775603
1752.000000, 24.655722
1753.000000, 24.566932
1754.000000, 24.477249
1755.000000, 24.383101
1756.000000, 24.284752
1757.000000, 24.214077
1758.000000, 24.119808
1759.000000, 24.030479
1760.000000, 23.962349
1761.000000, 23.879235
1762.000000, 23.801333
1763.000000, 23.725715
1764.000000, 23.665650
1765.000000, 23.591261
1766.000000, 23.508773
1767.000000, 23.467330
1768.000000, 23.404503
1769.000000, 23.345689
1770.000000, 23.283221
1771.000000, 23.237504
1772.000000, 23.184769
1773.000000, 23.141137
1774.000000, 23.087780
1775.000000, 23.045048
1776.000000, 23.001472
1777.000000, 22.959197
1778.000000, 22.929797
1779.000000, 22.876235
1780.000000, 22.847245
1781.000000, 22.812829
1782.000000, 22.786098
1783.000000, 22.740617
1784.000000, 22.721673
1785.000000, 22.702248
1786.000000, 22.661649
1787.000000, 22.636037
1788.000000, 22.623828
1789.000000, 22.592275
1790.000000, 22.560714
1791.000000, 22.548355
1792.000000, 22.520130
1793.000000, 22.500157
1794.000000, 22.474933
1795.000000, 22.461883
1796.000000, 22.433995
1797.000000, 22.419998
1798.000000, 22.394941
1799.000000, 22.374903
1800.000000, 22.362263
1801.000000, 22.329149
1802.000000, 22.315547
1803.000000, 22.295032
1804.000000, 22.270081
1805.000000, 22.247186
1806.000000, 22.221371
1807.000000, 22.213148
1808.000000, 22.186091
1809.000000, 22.157019
1810.000000, 22.137655
1811.000000, 22.109266
1812.000000, 22.090322
1813.000000, 22.063414
1814.000000, 22.038312
1815.000000, 22.017918
1816.000000, 21.985467
1817.000000, 21.967266
1818.000000, 21.930021
1819.000000, 21.904090
1820.000000, 21.862244
1821.000000, 21.858423
1822.000000, 21.813172
1823.000000, 21.781236
1824.000000, 21.759341
1825.000000, 21.720905
1826.000000, 21.694729
1827.000000, 21.666745
1828.000000, 21.632712
1829.000000, 21.603878
1830.000000, 21.573862
1831.000000, 21.551653
1832.000000, 21.515284
1833.000000, 21.496216
1834.000000, 21.455775
1835.000000, 21.435968
1836.000000, 21.393851
1837.000000, 21.374902
1838.000000, 21.354108
1839.000000, 21.321776
1840.000000, 21.285750
1841.000000, 21.258513
1842.000000, 21.237190
1843.000000, 21.217708
1844.000000, 21.188659
1845.000000, 21.161630
1846.000000, 21.160159
1847.000000, 21.150367
1848.000000, 21.131700
1849.000000, 21.134616
1850.000000, 21.115539
1851.000000, 21.100282
1852.000000, 21.097037
1853.000000, 21.089465
1854.000000, 21.095321
1855.000000, 21.098158
1856.000000, 21.104800
1857.000000, 21.107000
1858.000000, 21.112833
1859.000000, 21.151420
1860.000000, 21.160314
1861.000000, 21.178092
1862.000000, 21.208774
1863.000000, 21.234951
1864.000000, 21.273076
1865.000000, 21.310015
1866.000000, 21.355231
1867.000000, 21.398634
1868.000000, 21.456751
1869.000000, 21.519515
1870.000000, 21.577424
1871.000000, 21.646790
1872.000000, 21.722084
1873.000000, 21.806846
1874.000000, 21.889472
1875.000000, 21.980922
1876.000000, 22.078472
1877.000000, 22.172127
1878.000000, 22.266233
1879.000000, 22.375569
1880.000000, 22.481255
1881.000000, 22.591134
1882.000000, 22.705851
1883.000000, 22.828219
1884.000000, 22.958020
1885.000000, 23.098190
1886.000000, 23.234605
1887.000000, 23.384084
1888.000000, 23.545076
1889.000000, 23.706917
1890.000000, 23.865829
1891.000000, 24.034465
1892.000000, 24.206553
1893.000000, 24.380423
1894.000000, 24.550488
1895.000000, 24.754890
1896.000000, 24.936153
1897.000000, 25.129055
1898.000000, 25.335361
1899.000000, 25.537515
1900.000000, 25.736866
1901.000000, 25.961308
1902.000000, 26.170322
1903.000000, 26.416950
1904.000000, 26.648792
1905.000000, 26.877851
1906.000000, 27.107240
1907.000000, 27.340489
1908.000000, 27.591385
1909.000000, 27.827376
1910.000000, 28.068671
1911.000000, 28.300795
1912.000000, 28.539053
1913.000000, 28.792328
1914.000000, 29.034374
1915.000000, 29.245613
1916.000000, 29.550716
1917.000000, 29.790155
1918.000000, 30.043109
1919.000000, 30.290676
1920.000000, 30.562179
1921.000000, 30.821953
1922.000000, 31.075435
1923.000000, 31.331388
1924.000000, 31.592422
1925.000000, 31.847746
1926.000000, 32.107613
1927.000000, 32.354229
1928.000000, 32.608849
1929.000000, 32.856771
1930.000000, 33.100883
1931.000000, 33.349139
1932.000000, 33.595424
1933.000000, 33.839804
1934.000000, 34.077891
1935.000000, 34.327810
1936.000000, 34.574503
1937.000000, 34.808137
1938.000000, 35.038266
1939.000000, 35.277079
1940.000000, 35.503485
1941.000000, 35.734773
1942.000000, 35.968717
1943.000000, 36.174325
1944.000000, 36.398508
1945.000000, 36.617515
1946.000000, 36.824265
1947.000000, 37.022910
1948.000000, 37.233055
1949.000000, 37.436515
1950.000000, 37.636521
1951.000000, 37.814127
1952.000000, 38.006215
1953.000000, 38.200610
1954.000000, 38.381204
1955.000000, 38.554584
1956.000000, 38.735950
1957.000000, 38.913784
1958.000000, 39.068121
1959.000000, 39.250086
1960.000000, 39.383545
1961.000000, 39.547416
1962.000000, 39.709193
1963.000000, 39.841523
1964.000000, 39.988994
1965.000000, 40.111437
1966.000000, 40.248061
1967.000000, 40.372978
1968.000000, 40.501575
1969.000000, 40.618608
1970.000000, 40.722058
1971.000000, 40.842192
1972.000000, 40.947402
1973.000000, 41.046601
1974.000000, 41.152842
1975.000000, 41.229033
1976.000000, 41.321639
1977.000000, 41.407499
1978.000000, 41.488059
1979.000000, 41.554116
1980.000000, 41.632057
1981.000000, 41.694633
1982.000000, 41.737839
1983.000000, 41.815261
1984.000000, 41.849740
1985.000000, 41.893099
1986.000000, 41.942799
1987.000000, 41.983488
1988.000000, 42.007366
1989.000000, 42.048629
1990.000000, 42.058176
1991.000000, 42.096338
1992.000000, 42.088036
1993.000000, 42.106270
1994.000000, 42.114871
1995.000000, 42.122330
1996.000000, 42.122458
1997.000000, 42.121287
1998.000000, 42.095969
1999.000000, 42.088421
2000.000000, 42.065633
2001.000000, 42.040258
2002.000000, 42.017929
2003.000000, 41.976670
2004.000000, 41.933983
2005.000000, 41.899841
2006.000000, 41.856764
2007.000000, 41.807786
2008.000000, 41.757303
2009.000000, 41.706832
2010.000000, 41.628278
2011.000000, 41.567650
2012.000000, 41.498980
2013.000000, 41.421364
2014.000000, 41.340846
2015.000000, 41.255530
2016.000000, 41.199722
2017.000000, 41.086447
2018.000000, 40.978134
2019.000000, 40.900280
2020.000000, 40.799512
2021.000000, 40.686518
2022.000000, 40.588411
2023.000000, 40.462612
2024.000000, 40.363112
2025.000000, 40.235496
2026.000000, 40.106941
2027.000000, 40.000406
2028.000000, 39.855784
2029.000000, 39.728027
2030.000000, 39.587779
2031.000000, 39.446437
2032.000000, 39.302655
2033.000000, 39.159855
2034.000000, 39.006735
2035.000000, 38.861006
2036.000000, 38.699722
2037.000000, 38.530057
2038.000000, 38.369843
2039.000000, 38.212782
2040.000000, 38.042766
2041.000000, 37.867462
2042.000000, 37.700313
2043.000000, 37.526240
2044.000000, 37.334253
2045.000000, 37.157543
2046.000000, 36.965752
2047.000000, 36.785979
2048.000000, 36.596724
2049.000000, 36.395476
2050.000000, 36.207895
2051.000000, 36.015102
2052.000000, 35.800721
2053.000000, 35.605893
2054.000000, 35.412116
2055.000000, 35.198368
2056.000000, 34.979344
2057.000000, 34.785512
2058.000000, 34.565802
2059.000000, 34.354007
2060.000000, 34.145793
2061.000000, 33.918557
2062.000000, 33.691257
2063.000000, 33.491908
2064.000000, 33.264408
2065.000000, 33.033633
2066.000000, 32.819269
2067.000000, 32.592016
2068.000000, 32.362540
2069.000000, 32.126687
2070.000000, 31.900729
2071.000000, 31.680420
2072.000000, 31.443930
2073.000000, 31.225307
2074.000000, 30.981387
2075.000000, 30.739900
2076.000000, 30.527458
2077.000000, 30.286582
2078.000000, 30.050658
2079.000000, 29.819642
2080.000000, 29.592187
2081.000000, 29.349572
2082.000000, 29.125127
2083.000000, 28.881504
2084.000000, 28.658265
2085.000000, 28.426346
2086.000000, 28.204393
2087.000000, 27.962326
2088.000000, 27.741279
2089.000000, 27.509114
2090.000000, 27.277584
2091.000000, 27.049467
2092.000000, 26.830416
2093.000000, 26.601108
2094.000000, 26.364528
2095.000000, 26.154362
2096.000000, 25.944780
2097.000000, 25.714878
2098.000000, 25.501656
2099.000000, 25.289914
2100.000000, 25.074419
2101.000000, 24.867350
2102.000000, 24.665255
2103.000000, 24.458852
2104.000000, 24.263855
2105.000000, 24.072403
2106.000000, 23.874659
2107.000000, 23.668053
2108.000000, 23.484293
2109.000000, 23.299093
2110.000000, 23.113725
2111.000000, 22.927860
2112.000000, 22.762648
2113.000000, 22.586001
2114.000000, 22.414440
2115.000000, 22.251290
2116.000000, 22.087065
2117.000000, 21.928525
2118.000000, 21.775716
2119.000000, 21.630151
2120.000000, 21.489348
2121.000000, 21.344552
2122.000000, 21.222268
2123.000000, 21.081045
2124.000000, 20.957013
2125.000000, 20.839687
2126.000000, 20.718698
2127.000000, 20.603739
2128.000000, 20.501837
2129.000000, 20.399871
2130.000000, 20.285056
2131.000000, 20.210570
2132.000000, 20.105625
2133.000000, 20.022167
2134.000000, 19.958379
2135.000000, 19.869054
2136.000000, 19.807558
2137.000000, 19.736407
2138.000000, 19.682219
2139.000000, 19.628462
2140.000000, 19.578824
2141.000000, 19.530422
2142.000000, 19.497432
2143.000000, 19.458479
2144.000000, 19.428773
2145.000000, 19.402259
2146.000000, 19.387012
2147.000000, 19.360555
2148.000000, 19.348278
2149.000000, 19.342794
2150.000000, 19.341934
2151.000000, 19.334402
2152.000000, 19.333380
2153.000000, 19.361416
2154.000000, 19.371294
2155.000000, 19.375831
2156.000000, 19.406932
2157.000000, 19.435183
2158.000000, 19.469608
2159.000000, 19.498842
2160.000000, 19.538638
2161.000000, 19.576368
2162.000000, 19.621055
2163.000000, 19.672686
2164.000000, 19.722872
2165.000000, 19.775249
2166.000000, 19.833123
2167.000000, 19.893463
2168.000000, 19.950476
2169.000000, 20.012055
2170.000000, 20.082884
2171.000000, 20.147402
2172.000000, 20.221202
2173.000000, 20.292827
2174.000000, 20.364940
2175.000000, 20.434575
2176.000000, 20.511006
2177.000000, 20.594385
2178.000000, 20.667171
2179.000000, 20.738787
2180.000000, 20.811569
2181.000000, 20.880817
2182.000000, 20.965118
2183.000000, 21.041111
2184.000000, 21.104367
2185.000000, 21.167026
2186.000000, 21.248315
2187.000000, 21.304171
2188.000000, 21.374002
2189.000000, 21.423856
2190.000000, 21.482937
2191.000000, 21.535323
2192.000000, 21.590654
2193.000000, 21.634264
2194.000000, 21.683216
2195.000000, 21.722630
2196.000000, 21.775860
2197.000000, 21.802003
2198.000000, 21.850798
2199.000000, 21.894339
2200.000000, 21.924180
2201.000000, 21.976581
2202.000000, 22.012057
2203.000000, 22.062315
2204.000000, 22.116074
2205.000000, 22.153121
2206.000000, 22.222714
2207.000000, 22.275738
2208.000000, 22.347522
2209.000000, 22.414898
2210.000000, 22.485728
2211.000000, 22.555822
2212.000000, 22.634732
2213.000000, 22.709096
2214.000000, 22.797348
2215.000000, 22.883537
2216.000000, 22.970541
2217.000000, 23.055893
2218.000000, 23.143440
2219.000000, 23.233522
2220.000000, 23.316736
2221.000000, 23.397760
2222.000000, 23.483708
2223.000000, 23.562553
2224.000000, 23.643785
2225.000000, 23.718365
2226.000000, 23.793316
2227.000000, 23.867257
2228.000000, 23.919068
2229.000000, 23.990476
2230.000000, 24.049928
2231.000000, 24.106057
2232.000000, 24.156979
2233.000000, 24.210880
2234.000000, 24.258423
2235.000000, 24.300944
2236.000000, 24.342783
2237.000000, 24.377880
2238.000000, 24.415778
2239.000000, 24.455268
2240.000000, 24.480020
2241.000000, 24.503162
2242.000000, 24.530501
2243.000000, 24.552905
2244.000000, 24.575093
2245.000000, 24.591056
2246.000000, 24.605947
2247.000000, 24.620914
2248.000000, 24.634682
2249.000000, 24.644286
2250.000000, 24.655705
2251.000000, 24.661578
2252.000000, 24.656173
2253.000000, 24.664434
2254.000000, 24.670331
2255.000000, 24.671072
2256.000000, 24.663249
2257.000000, 24.663198
2258.000000, 24.652007
2259.000000, 24.643365
2260.000000, 24.632777
2261.000000, 24.623326
2262.000000, 24.604952
2263.000000, 24.590723
2264.000000, 24.567946
2265.000000, 24.547778
2266.000000, 24.524098
2267.000000, 24.501643
2268.000000, 24.484533
2269.000000, 24.456954
2270.000000, 24.414119
2271.000000, 24.381750
2272.000000, 24.350976
2273.000000, 24.309027
2274.000000, 24.263401
2275.000000, 24.222074
2276.000000, 24.184818
2277.000000, 24.144239
2278.000000, 24.096934
2279.000000, 24.048491
2280.000000, 23.999217
2281.000000, 23.951190
2282.000000, 23.900360
2283.000000, 23.838121
2284.000000, 23.788095
2285.000000, 23.723563
2286.000000, 23.676060
2287.000000, 23.615241
2288.000000, 23.555698
2289.000000, 23.486181
2290.000000, 23.423149
2291.000000, 23.366152
2292.000000, 23.291650
2293.000000, 23.220307
2294.000000, 23.156297
2295.000000, 23.085253
2296.000000, 23.003004
2297.000000, 22.935976
2298.000000, 22.868006
2299.000000, 22.774209
2300.000000, 22.700426
2301.000000, 22.625870
2302.000000, 22.552266
2303.000000, 22.464810
2304.000000, 22.377896
2305.000000, 22.308508
2306.000000, 22.209714
2307.000000, 22.126092
2308.000000, 22.051623
2309.000000, 21.961230
2310.000000, 21.889976
2311.000000, 21.793488
2312.000000, 21.701867
2313.000000, 21.620920
2314.000000, 21.535729
2315.000000, 21.447211
2316.000000, 21.362085
2317.000000, 21.288498
2318.000000, 21.177801
2319.000000, 21.086370
2320.000000, 21.001737
2321.000000, 20.913228
2322.000000, 20.817714
2323.000000, 20.720085
2324.000000, 20.637788
2325.000000, 20.560129
2326.000000, 20.469112
2327.000000, 20.377884
2328.000000, 20.309941
2329.000000, 20.201626
2330.000000, 20.119712
2331.000000, 20.039763
2332.000000, 19.946409
2333.000000, 19.874105
2334.000000, 19.786166
2335.000000, 19.701588
2336.000000, 19.616302
2337.000000, 19.550260
2338.000000, 19.452516
2339.000000, 19.380327
2340.000000, 19.300926
2341.000000, 19.229687
2342.000000, 19.146914
2343.000000, 19.068720
2344.000000, 18.991817
2345.000000, 18.940499
2346.000000, 18.841216
2347.000000, 18.782359
2348.000000, 18.736778
2349.000000, 18.641716
2350.000000, 18.591953
2351.000000, 18.517719
2352.000000, 18.459646
2353.000000, 18.412472
2354.000000, 18.351759
2355.000000, 18.287915
2356.000000, 18.235009
2357.000000, 18.190023
2358.000000, 18.137124
2359.000000, 18.071808
2360.000000, 18.031524
2361.000000, 17.996480
2362.000000, 17.945724
2363.000000, 17.918482
2364.000000, 17.866605
2365.000000, 17.819250
2366.000000, 17.787939
2367.000000, 17.742989
2368.000000, 17.738111
2369.000000, 17.684166
2370.000000, 17.678658
2371.000000, 17.644924
2372.000000, 17.628658
2373.000000, 17.592065
2374.000000, 17.575548
2375.000000, 17.542631
2376.000000, 17.532264
2377.000000, 17.532047
2378.000000, 17.531610
2379.000000, 17.517414
2380.000000, 17.504144
2381.000000, 17.512351
2382.000000, 17.501841
2383.000000, 17.493502
2384.000000, 17.507110
2385.000000, 17.521466
2386.000000, 17.516722
2387.000000, 17.515598
2388.000000, 17.535009
2389.000000, 17.533635
2390.000000, 17.569515
2391.000000, 17.579355
2392.000000, 17.600895
2393.000000, 17.611872
2394.000000, 17.633988
2395.000000, 17.644838
2396.000000, 17.674059
2397.000000, 17.693334
2398.000000, 17.741145
2399.000000, 17.771266
2400.000000, 17.803403
2401.000000, 17.850337
2402.000000, 17.872498
2403.000000, 17.915412
2404.000000, 17.963882
2405.000000, 17.996827
2406.000000, 18.044388
2407.000000, 18.072015
2408.000000, 18.115526
2409.000000, 18.169420
2410.000000, 18.227518
2411.000000, 18.267764
2412.000000, 18.317177
2413.000000, 18.361303
2414.000000, 18.425347
2415.000000, 18.482183
2416.000000, 18.529496
2417.000000, 18.573631
2418.000000, 18.659038
2419.000000, 18.701493
2420.000000, 18.764048
2421.000000, 18.819323
2422.000000, 18.890325
2423.000000, 18.967126
2424.000000, 19.011729
2425.000000, 19.083316
2426.000000, 19.152976
2427.000000, 19.222189
2428.000000, 19.280713
2429.000000, 19.338590
2430.000000, 19.422089
2431.000000, 19.480680
2432.000000, 19.556102
2433.000000, 19.627707
2434.000000, 19.709640
2435.000000, 19.765648
2436.000000, 19.838043
2437.000000, 19.907082
2438.000000, 19.984172
2439.000000, 20.049009
2440.000000, 20.125930
2441.000000, 20.183588
2442.000000, 20.270486
2443.000000, 20.326250
2444.000000, 20.413495
2445.000000, 20.470701
2446.000000, 20.544471
2447.000000, 20.610120
2448.000000, 20.703867
2449.000000, 20.758561
2450.000000, 20.829197
2451.000000, 20.905066
2452.000000, 20.970536
2453.000000, 21.042843
2454.000000, 21.126021
2455.000000, 21.200114
2456.000000, 21.269294
2457.000000, 21.324203
2458.000000, 21.394004
2459.000000, 21.458604
2460.000000, 21.516937
2461.000000, 21.586884
2462.000000, 21.643644
2463.000000, 21.711623
2464.000000, 21.769096
2465.000000, 21.830124
2466.000000, 21.901429
2467.000000, 21.945943
2468.000000, 22.009119
2469.000000, 22.069834
2470.000000, 22.132260
2471.000000, 22.171174
2472.000000, 22.230011
2473.000000, 22.287847
2474.000000, 22.347905
2475.000000, 22.396248
2476.000000, 22.446246
2477.000000, 22.483471
2478.000000, 22.542769
2479.000000, 22.587875
2480.000000, 22.636187
2481.000000, 22.685176
2482.000000, 22.727241
2483.000000, 22.766183
2484.000000, 22.812346
2485.000000, 22.842199
2486.000000, 22.871337
2487.000000, 22.923272
2488.000000, 22.955069
2489.000000, 22.985898
2490.000000, 23.005670
2491.000000, 23.038363
2492.000000, 23.052563
2493.000000, 23.083559
2494.000000, 23.100429
2495.000000, 23.126429
2496.000000, 23.140074
2497.000000, 23.167447
2498.000000, 23.200426
2499.000000, 23.207405
2500.000000, 23.242115
