# Wavelength  (nm), Transmission (%)
270.000000, 0.000992
270.000000, 0.000825
270.000000, 0.000687
270.000000, 0.000571
270.000000, 0.000476
271.000000, 0.000396
271.000000, 0.000329
271.000000, 0.000274
271.000000, 0.000228
271.000000, 0.000190
272.000000, 0.000158
272.000000, 0.000131
272.000000, 0.000120
272.000000, 0.000146
272.000000, 0.000177
273.000000, 0.000216
273.000000, 0.000263
273.000000, 0.000320
273.000000, 0.000389
273.000000, 0.000474
274.000000, 0.000577
274.000000, 0.000702
274.000000, 0.000855
274.000000, 0.001041
274.000000, 0.001267
275.000000, 0.001543
275.000000, 0.002092
275.000000, 0.002835
275.000000, 0.003072
275.000000, 0.002460
276.000000, 0.001969
276.000000, 0.001576
276.000000, 0.001262
276.000000, 0.001010
276.000000, 0.000809
277.000000, 0.000648
277.000000, 0.000518
277.000000, 0.000415
277.000000, 0.000332
277.000000, 0.000266
278.000000, 0.000213
278.000000, 0.000170
278.000000, 0.000136
278.000000, 0.000112
278.000000, 0.000110
279.000000, 0.000109
279.000000, 0.000107
279.000000, 0.000105
279.000000, 0.000104
279.000000, 0.000102
280.000000, 0.000101
280.000000, 0.000099
280.000000, 0.000098
280.000000, 0.000096
280.000000, 0.000095
281.000000, 0.000094
281.000000, 0.000092
281.000000, 0.000091
281.000000, 0.000089
281.000000, 0.000098
282.000000, 0.000110
282.000000, 0.000124
282.000000, 0.000140
282.000000, 0.000158
282.000000, 0.000178
283.000000, 0.000200
283.000000, 0.000225
283.000000, 0.000254
283.000000, 0.000285
283.000000, 0.000322
284.000000, 0.000362
284.000000, 0.000408
284.000000, 0.000459
284.000000, 0.000517
284.000000, 0.000533
285.000000, 0.000501
285.000000, 0.000471
285.000000, 0.000443
285.000000, 0.000416
285.000000, 0.000391
286.000000, 0.000368
286.000000, 0.000346
286.000000, 0.000325
286.000000, 0.000306
286.000000, 0.000287
287.000000, 0.000270
287.000000, 0.000254
287.000000, 0.000239
287.000000, 0.000225
287.000000, 0.000209
288.000000, 0.000188
288.000000, 0.000168
288.000000, 0.000151
288.000000, 0.000135
288.000000, 0.000121
289.000000, 0.000109
289.000000, 0.000098
289.000000, 0.000087
289.000000, 0.000078
289.000000, 0.000070
290.000000, 0.000063
290.000000, 0.000057
290.000000, 0.000051
290.000000, 0.000045
290.000000, 0.000041
291.000000, 0.000042
291.000000, 0.000044
291.000000, 0.000047
291.000000, 0.000049
291.000000, 0.000052
292.000000, 0.000054
292.000000, 0.000057
292.000000, 0.000060
292.000000, 0.000063
292.000000, 0.000066
293.000000, 0.000070
293.000000, 0.000073
293.000000, 0.000077
293.000000, 0.000081
293.000000, 0.000085
294.000000, 0.000077
294.000000, 0.000062
294.000000, 0.000051
294.000000, 0.000041
294.000000, 0.000033
295.000000, 0.000027
295.000000, 0.000028
295.000000, 0.000030
295.000000, 0.000031
295.000000, 0.000033
296.000000, 0.000034
296.000000, 0.000036
296.000000, 0.000037
296.000000, 0.000039
296.000000, 0.000041
297.000000, 0.000043
297.000000, 0.000045
297.000000, 0.000043
297.000000, 0.000041
297.000000, 0.000040
298.000000, 0.000038
298.000000, 0.000037
298.000000, 0.000035
298.000000, 0.000034
298.000000, 0.000033
299.000000, 0.000032
299.000000, 0.000030
299.000000, 0.000029
299.000000, 0.000028
299.000000, 0.000027
300.000000, 0.000026
300.000000, 0.000025
300.000000, 0.000025
300.000000, 0.000026
300.000000, 0.000027
301.000000, 0.000028
301.000000, 0.000029
301.000000, 0.000030
301.000000, 0.000031
301.000000, 0.000032
302.000000, 0.000033
302.000000, 0.000034
302.000000, 0.000035
302.000000, 0.000036
302.000000, 0.000038
303.000000, 0.000039
303.000000, 0.000040
303.000000, 0.000041
303.000000, 0.000040
303.000000, 0.000040
304.000000, 0.000039
304.000000, 0.000039
304.000000, 0.000038
304.000000, 0.000038
304.000000, 0.000037
305.000000, 0.000037
305.000000, 0.000051
305.000000, 0.000045
305.000000, 0.000040
305.000000, 0.000035
306.000000, 0.000031
306.000000, 0.000028
306.000000, 0.000025
306.000000, 0.000022
306.000000, 0.000019
307.000000, 0.000017
307.000000, 0.000015
307.000000, 0.000013
307.000000, 0.000012
307.000000, 0.000010
308.000000, 0.000009
308.000000, 0.000008
308.000000, 0.000008
308.000000, 0.000008
308.000000, 0.000008
309.000000, 0.000008
309.000000, 0.000008
309.000000, 0.000008
309.000000, 0.000008
309.000000, 0.000008
310.000000, 0.000008
310.000000, 0.000008
310.000000, 0.000008
310.000000, 0.000008
310.000000, 0.000008
311.000000, 0.000008
311.000000, 0.000008
311.000000, 0.000009
311.000000, 0.000011
311.000000, 0.000012
312.000000, 0.000014
312.000000, 0.000015
312.000000, 0.000018
312.000000, 0.000020
312.000000, 0.000023
313.000000, 0.000026
313.000000, 0.000029
313.000000, 0.000033
313.000000, 0.000038
313.000000, 0.000043
314.000000, 0.000049
314.000000, 0.000056
314.000000, 0.000056
314.000000, 0.000049
314.000000, 0.000042
315.000000, 0.000037
315.000000, 0.000032
315.000000, 0.000028
315.000000, 0.000024
315.000000, 0.000021
316.000000, 0.000018
316.000000, 0.000016
316.000000, 0.000014
316.000000, 0.000012
316.000000, 0.000010
317.000000, 0.000009
317.000000, 0.000008
317.000000, 0.000007
317.000000, 0.000007
317.000000, 0.000008
318.000000, 0.000008
318.000000, 0.000008
318.000000, 0.000009
318.000000, 0.000009
318.000000, 0.000009
319.000000, 0.000010
319.000000, 0.000010
319.000000, 0.000011
319.000000, 0.000011
319.000000, 0.000012
320.000000, 0.000012
320.000000, 0.000013
320.000000, 0.000013
320.000000, 0.000014
320.000000, 0.000014
321.000000, 0.000014
321.000000, 0.000015
321.000000, 0.000015
321.000000, 0.000015
321.000000, 0.000016
322.000000, 0.000016
322.000000, 0.000017
322.000000, 0.000017
322.000000, 0.000017
322.000000, 0.000018
323.000000, 0.000018
323.000000, 0.000019
323.000000, 0.000019
323.000000, 0.000020
323.000000, 0.000021
324.000000, 0.000023
324.000000, 0.000024
324.000000, 0.000026
324.000000, 0.000028
324.000000, 0.000030
325.000000, 0.000032
325.000000, 0.000034
325.000000, 0.000036
325.000000, 0.000038
325.000000, 0.000041
326.000000, 0.000044
326.000000, 0.000047
326.000000, 0.000050
326.000000, 0.000052
326.000000, 0.000052
327.000000, 0.000051
327.000000, 0.000050
327.000000, 0.000049
327.000000, 0.000049
327.000000, 0.000048
328.000000, 0.000047
328.000000, 0.000047
328.000000, 0.000046
328.000000, 0.000046
328.000000, 0.000045
329.000000, 0.000044
329.000000, 0.000044
329.000000, 0.000043
329.000000, 0.000043
329.000000, 0.000042
330.000000, 0.000040
330.000000, 0.000040
330.000000, 0.000039
330.000000, 0.000038
330.000000, 0.000037
331.000000, 0.000036
331.000000, 0.000035
331.000000, 0.000034
331.000000, 0.000033
331.000000, 0.000032
332.000000, 0.000032
332.000000, 0.000031
332.000000, 0.000030
332.000000, 0.000029
332.000000, 0.000026
333.000000, 0.000023
333.000000, 0.000020
333.000000, 0.000017
333.000000, 0.000015
333.000000, 0.000013
334.000000, 0.000011
334.000000, 0.000010
334.000000, 0.000008
334.000000, 0.000007
334.000000, 0.000006
335.000000, 0.000005
335.000000, 0.000005
335.000000, 0.000004
335.000000, 0.000003
335.000000, 0.000003
336.000000, 0.000003
336.000000, 0.000003
336.000000, 0.000003
336.000000, 0.000003
336.000000, 0.000003
337.000000, 0.000003
337.000000, 0.000003
337.000000, 0.000003
337.000000, 0.000003
337.000000, 0.000003
338.000000, 0.000003
338.000000, 0.000003
338.000000, 0.000003
338.000000, 0.000003
338.000000, 0.000003
339.000000, 0.000003
339.000000, 0.000003
339.000000, 0.000003
339.000000, 0.000003
339.000000, 0.000003
340.000000, 0.000003
340.000000, 0.000003
340.000000, 0.000003
340.000000, 0.000002
340.000000, 0.000002
341.000000, 0.000002
341.000000, 0.000002
341.000000, 0.000002
341.000000, 0.000002
341.000000, 0.000002
342.000000, 0.000002
342.000000, 0.000003
342.000000, 0.000003
342.000000, 0.000003
342.000000, 0.000003
343.000000, 0.000003
343.000000, 0.000003
343.000000, 0.000003
343.000000, 0.000003
343.000000, 0.000003
344.000000, 0.000004
344.000000, 0.000004
344.000000, 0.000004
344.000000, 0.000004
344.000000, 0.000004
345.000000, 0.000004
345.000000, 0.000004
345.000000, 0.000004
345.000000, 0.000004
345.000000, 0.000003
346.000000, 0.000003
346.000000, 0.000003
346.000000, 0.000003
346.000000, 0.000003
346.000000, 0.000003
347.000000, 0.000003
347.000000, 0.000002
347.000000, 0.000002
347.000000, 0.000002
347.000000, 0.000002
348.000000, 0.000002
348.000000, 0.000002
348.000000, 0.000002
348.000000, 0.000002
348.000000, 0.000002
349.000000, 0.000002
349.000000, 0.000002
349.000000, 0.000002
349.000000, 0.000002
349.000000, 0.000002
350.000000, 0.000002
350.000000, 0.000002
350.000000, 0.000002
350.000000, 0.000002
350.000000, 0.000002
351.000000, 0.000002
351.000000, 0.000003
351.000000, 0.000003
351.000000, 0.000004
351.000000, 0.000004
352.000000, 0.000005
352.000000, 0.000006
352.000000, 0.000007
352.000000, 0.000008
352.000000, 0.000010
353.000000, 0.000012
353.000000, 0.000014
353.000000, 0.000017
353.000000, 0.000020
353.000000, 0.000023
354.000000, 0.000028
354.000000, 0.000025
354.000000, 0.000021
354.000000, 0.000017
354.000000, 0.000015
355.000000, 0.000012
355.000000, 0.000010
355.000000, 0.000009
355.000000, 0.000007
355.000000, 0.000006
356.000000, 0.000005
356.000000, 0.000004
356.000000, 0.000004
356.000000, 0.000003
356.000000, 0.000003
357.000000, 0.000002
357.000000, 0.000002
357.000000, 0.000002
357.000000, 0.000002
357.000000, 0.000002
358.000000, 0.000002
358.000000, 0.000002
358.000000, 0.000002
358.000000, 0.000002
358.000000, 0.000002
359.000000, 0.000002
359.000000, 0.000002
359.000000, 0.000002
359.000000, 0.000002
359.000000, 0.000002
360.000000, 0.000002
360.000000, 0.000002
360.000000, 0.000003
360.000000, 0.000003
360.000000, 0.000004
361.000000, 0.000005
361.000000, 0.000006
361.000000, 0.000007
361.000000, 0.000008
361.000000, 0.000010
362.000000, 0.000011
362.000000, 0.000014
362.000000, 0.000016
362.000000, 0.000020
362.000000, 0.000024
363.000000, 0.000028
363.000000, 0.000034
363.000000, 0.000035
363.000000, 0.000037
363.000000, 0.000038
364.000000, 0.000040
364.000000, 0.000042
364.000000, 0.000044
364.000000, 0.000046
364.000000, 0.000048
365.000000, 0.000050
365.000000, 0.000106
365.000000, 0.000112
365.000000, 0.000105
365.000000, 0.000092
366.000000, 0.000082
366.000000, 0.000105
366.000000, 0.000109
366.000000, 0.000096
366.000000, 0.000092
367.000000, 0.000085
367.000000, 0.000105
367.000000, 0.000108
367.000000, 0.000111
367.000000, 0.000101
368.000000, 0.000096
368.000000, 0.000097
368.000000, 0.000110
368.000000, 0.000101
368.000000, 0.000093
369.000000, 0.000081
369.000000, 0.000100
369.000000, 0.000107
369.000000, 0.000103
369.000000, 0.000093
370.000000, 0.000094
370.000000, 0.000097
370.000000, 0.000104
370.000000, 0.000117
370.000000, 0.000103
371.000000, 0.000085
371.000000, 0.000091
371.000000, 0.000104
371.000000, 0.000111
371.000000, 0.000105
372.000000, 0.000099
372.000000, 0.000090
372.000000, 0.000104
372.000000, 0.000112
372.000000, 0.000108
373.000000, 0.000096
373.000000, 0.000091
373.000000, 0.000100
373.000000, 0.000103
373.000000, 0.000106
374.000000, 0.000099
374.000000, 0.000090
374.000000, 0.000090
374.000000, 0.000104
374.000000, 0.000107
375.000000, 0.000100
375.000000, 0.000094
375.000000, 0.000090
375.000000, 0.000097
375.000000, 0.000101
376.000000, 0.000101
376.000000, 0.000093
376.000000, 0.000096
376.000000, 0.000095
376.000000, 0.000108
377.000000, 0.000106
377.000000, 0.000093
377.000000, 0.000086
377.000000, 0.000099
377.000000, 0.000104
378.000000, 0.000104
378.000000, 0.000096
378.000000, 0.000094
378.000000, 0.000099
378.000000, 0.000106
379.000000, 0.000107
379.000000, 0.000099
379.000000, 0.000097
379.000000, 0.000086
379.000000, 0.000098
380.000000, 0.000110
380.000000, 0.000104
380.000000, 0.000093
380.000000, 0.000090
380.000000, 0.000100
381.000000, 0.000111
381.000000, 0.000104
381.000000, 0.000095
381.000000, 0.000087
381.000000, 0.000092
382.000000, 0.000103
382.000000, 0.000104
382.000000, 0.000095
382.000000, 0.000093
382.000000, 0.000089
383.000000, 0.000102
383.000000, 0.000106
383.000000, 0.000096
383.000000, 0.000093
383.000000, 0.000091
384.000000, 0.000104
384.000000, 0.000106
384.000000, 0.000101
384.000000, 0.000099
384.000000, 0.000094
385.000000, 0.000097
385.000000, 0.000106
385.000000, 0.000104
385.000000, 0.000096
385.000000, 0.000091
386.000000, 0.000092
386.000000, 0.000105
386.000000, 0.000103
386.000000, 0.000101
386.000000, 0.000093
387.000000, 0.000100
387.000000, 0.000104
387.000000, 0.000105
387.000000, 0.000102
387.000000, 0.000097
388.000000, 0.000096
388.000000, 0.000103
388.000000, 0.000117
388.000000, 0.000103
388.000000, 0.000101
389.000000, 0.000096
389.000000, 0.000102
389.000000, 0.000106
389.000000, 0.000102
389.000000, 0.000105
390.000000, 0.000098
390.000000, 0.000107
390.000000, 0.000103
390.000000, 0.000109
390.000000, 0.000106
391.000000, 0.000100
391.000000, 0.000101
391.000000, 0.000106
391.000000, 0.000111
391.000000, 0.000107
392.000000, 0.000106
392.000000, 0.000105
392.000000, 0.000115
392.000000, 0.000122
392.000000, 0.000130
393.000000, 0.000134
393.000000, 0.000140
393.000000, 0.000144
393.000000, 0.000163
393.000000, 0.000173
394.000000, 0.000174
394.000000, 0.000182
394.000000, 0.000186
394.000000, 0.000203
394.000000, 0.000211
395.000000, 0.000218
395.000000, 0.000222
395.000000, 0.000232
395.000000, 0.000250
395.000000, 0.000257
396.000000, 0.000268
396.000000, 0.000268
396.000000, 0.000284
396.000000, 0.000291
396.000000, 0.000306
397.000000, 0.000317
397.000000, 0.000321
397.000000, 0.000332
397.000000, 0.000340
397.000000, 0.000360
398.000000, 0.000365
398.000000, 0.000375
398.000000, 0.000376
398.000000, 0.000389
398.000000, 0.000405
399.000000, 0.000420
399.000000, 0.000429
399.000000, 0.000432
399.000000, 0.000445
399.000000, 0.000454
400.000000, 0.000552
400.000000, 0.000325
400.000000, 0.000380
400.000000, 0.000230
400.000000, 0.000194
401.000000, 0.000169
401.000000, 0.000436
401.000000, 0.000434
401.000000, 0.000440
401.000000, 0.000255
402.000000, 0.000349
402.000000, 0.000393
402.000000, 0.000426
402.000000, 0.000361
402.000000, 0.000274
403.000000, 0.000351
403.000000, 0.000353
403.000000, 0.000209
403.000000, 0.000328
403.000000, 0.000531
404.000000, 0.000595
404.000000, 0.000418
404.000000, 0.000357
404.000000, 0.000374
404.000000, 0.000299
405.000000, 0.000534
405.000000, 0.000397
405.000000, 0.000139
405.000000, 0.000380
405.000000, 0.000560
406.000000, 0.000417
406.000000, 0.000492
406.000000, 0.000208
406.000000, 0.000360
406.000000, 0.000067
407.000000, 0.000397
407.000000, 0.000368
407.000000, 0.000350
407.000000, 0.000493
407.000000, 0.000468
408.000000, 0.000297
408.000000, 0.000684
408.000000, 0.000440
408.000000, 0.000290
408.000000, 0.000554
409.000000, 0.000565
409.000000, 0.000647
409.000000, 0.000686
409.000000, 0.000604
409.000000, 0.000638
410.000000, 0.000566
410.000000, 0.000820
410.000000, 0.000813
410.000000, 0.000617
410.000000, 0.000287
411.000000, 0.000478
411.000000, 0.000528
411.000000, 0.000657
411.000000, 0.000689
411.000000, 0.000661
412.000000, 0.001139
412.000000, 0.001252
412.000000, 0.001888
412.000000, 0.002008
412.000000, 0.002309
413.000000, 0.001738
413.000000, 0.001891
413.000000, 0.001690
413.000000, 0.002073
413.000000, 0.002699
414.000000, 0.002929
414.000000, 0.003567
414.000000, 0.004066
414.000000, 0.004339
414.000000, 0.004575
415.000000, 0.005116
415.000000, 0.006046
415.000000, 0.006867
415.000000, 0.008698
415.000000, 0.011347
416.000000, 0.014354
416.000000, 0.016982
416.000000, 0.017697
416.000000, 0.018576
416.000000, 0.018022
417.000000, 0.018068
417.000000, 0.020349
417.000000, 0.022234
417.000000, 0.029128
417.000000, 0.038411
418.000000, 0.054996
418.000000, 0.077364
418.000000, 0.108000
418.000000, 0.144000
418.000000, 0.170000
419.000000, 0.187000
419.000000, 0.202000
419.000000, 0.225000
419.000000, 0.279000
419.000000, 0.357000
420.000000, 0.490000
420.000000, 0.708000
420.000000, 1.101000
420.000000, 1.773000
420.000000, 2.825000
421.000000, 4.100000
421.000000, 5.457000
421.000000, 6.344000
421.000000, 6.856000
421.000000, 7.276000
422.000000, 7.909000
422.000000, 8.961000
422.000000, 9.913000
422.000000, 11.876000
422.000000, 15.527000
423.000000, 21.174000
423.000000, 29.596000
423.000000, 41.463000
423.000000, 56.193000
423.000000, 69.470000
424.000000, 84.086000
424.000000, 90.604000
424.000000, 93.287000
424.000000, 94.072000
424.000000, 94.246000
425.000000, 94.286000
425.000000, 90.995000
425.000000, 94.440000
425.000000, 94.636000
425.000000, 94.348000
426.000000, 93.683000
426.000000, 93.120000
426.000000, 92.952000
426.000000, 90.566000
426.000000, 93.341000
427.000000, 94.248000
427.000000, 94.795000
427.000000, 94.880000
427.000000, 94.575000
427.000000, 94.001000
428.000000, 92.984000
428.000000, 93.223000
428.000000, 93.445000
428.000000, 93.809000
428.000000, 94.313000
429.000000, 94.663000
429.000000, 94.766000
429.000000, 95.021000
429.000000, 94.433000
429.000000, 94.071000
430.000000, 93.810000
430.000000, 93.684000
430.000000, 93.604000
430.000000, 93.591000
430.000000, 96.012000
431.000000, 94.017000
431.000000, 93.974000
431.000000, 94.240000
431.000000, 94.394000
431.000000, 94.531000
432.000000, 94.368000
432.000000, 94.550000
432.000000, 94.244000
432.000000, 93.681000
432.000000, 93.580000
433.000000, 93.812000
433.000000, 94.100000
433.000000, 94.410000
433.000000, 94.711000
433.000000, 95.339000
434.000000, 94.875000
434.000000, 94.690000
434.000000, 94.372000
434.000000, 94.259000
434.000000, 94.229000
435.000000, 94.098000
435.000000, 94.509000
435.000000, 94.581000
435.000000, 94.771000
435.000000, 94.828000
436.000000, 94.697000
436.000000, 94.670000
436.000000, 94.420000
436.000000, 94.469000
436.000000, 94.669000
437.000000, 94.665000
437.000000, 94.835000
437.000000, 95.004000
437.000000, 95.016000
437.000000, 95.158000
438.000000, 95.019000
438.000000, 94.896000
438.000000, 94.748000
438.000000, 94.591000
438.000000, 94.442000
439.000000, 94.237000
439.000000, 93.959000
439.000000, 93.762000
439.000000, 93.676000
439.000000, 93.658000
440.000000, 93.504000
440.000000, 93.452000
440.000000, 93.097000
440.000000, 92.508000
440.000000, 91.928000
441.000000, 91.670000
441.000000, 91.927000
441.000000, 92.511000
441.000000, 93.343000
441.000000, 94.135000
442.000000, 94.310000
442.000000, 93.903000
442.000000, 93.578000
442.000000, 93.347000
442.000000, 93.293000
443.000000, 93.130000
443.000000, 92.718000
443.000000, 92.270000
443.000000, 91.738000
443.000000, 89.571000
444.000000, 76.555000
444.000000, 44.643000
444.000000, 14.864000
444.000000, 3.780000
444.000000, 1.162000
445.000000, 0.431000
445.000000, 0.078696
445.000000, 0.028564
445.000000, 0.010825
445.000000, 0.004431
446.000000, 0.002298
446.000000, 0.001357
446.000000, 0.000845
446.000000, 0.000302
446.000000, 0.000169
447.000000, 0.000134
447.000000, 0.000099
447.000000, 0.000038
447.000000, 0.000069
447.000000, 0.000056
448.000000, 0.000021
448.000000, 0.000023
448.000000, 0.000036
448.000000, 0.000030
448.000000, 0.000015
449.000000, 0.000025
449.000000, 0.000021
449.000000, 0.000025
449.000000, 0.000044
449.000000, 0.000029
450.000000, 0.000005
450.000000, 0.000017
450.000000, 0.000030
450.000000, 0.000020
450.000000, 0.000009
451.000000, 0.000008
451.000000, 0.000004
451.000000, 0.000004
451.000000, 0.000018
451.000000, 0.000028
452.000000, 0.000018
452.000000, 0.000016
452.000000, 0.000012
452.000000, 0.000005
452.000000, 0.000014
453.000000, 0.000010
453.000000, 0.000004
453.000000, 0.000005
453.000000, 0.000015
453.000000, 0.000029
454.000000, 0.000006
454.000000, 0.000004
454.000000, 0.000007
454.000000, 0.000013
454.000000, 0.000004
455.000000, 0.000006
455.000000, 0.000004
455.000000, 0.000011
455.000000, 0.000009
455.000000, 0.000006
456.000000, 0.000013
456.000000, 0.000013
456.000000, 0.000007
456.000000, 0.000007
456.000000, 0.000006
457.000000, 0.000005
457.000000, 0.000010
457.000000, 0.000027
457.000000, 0.000011
457.000000, 0.000007
458.000000, 0.000005
458.000000, 0.000004
458.000000, 0.000005
458.000000, 0.000012
458.000000, 0.000009
459.000000, 0.000013
459.000000, 0.000013
459.000000, 0.000007
459.000000, 0.000005
459.000000, 0.000007
460.000000, 0.000004
460.000000, 0.000009
460.000000, 0.000010
460.000000, 0.000009
460.000000, 0.000008
461.000000, 0.000004
461.000000, 0.000004
461.000000, 0.000012
461.000000, 0.000016
461.000000, 0.000009
462.000000, 0.000005
462.000000, 0.000010
462.000000, 0.000010
462.000000, 0.000004
462.000000, 0.000004
463.000000, 0.000008
463.000000, 0.000012
463.000000, 0.000004
463.000000, 0.000013
463.000000, 0.000004
464.000000, 0.000004
464.000000, 0.000004
464.000000, 0.000004
464.000000, 0.000004
464.000000, 0.000011
465.000000, 0.000005
465.000000, 0.000004
465.000000, 0.000006
465.000000, 0.000005
465.000000, 0.000004
466.000000, 0.000007
466.000000, 0.000004
466.000000, 0.000004
466.000000, 0.000004
466.000000, 0.000004
467.000000, 0.000005
467.000000, 0.000007
467.000000, 0.000004
467.000000, 0.000004
467.000000, 0.000005
468.000000, 0.000009
468.000000, 0.000009
468.000000, 0.000006
468.000000, 0.000004
468.000000, 0.000009
469.000000, 0.000005
469.000000, 0.000005
469.000000, 0.000007
469.000000, 0.000006
469.000000, 0.000004
470.000000, 0.000009
470.000000, 0.000005
470.000000, 0.000009
470.000000, 0.000016
470.000000, 0.000007
471.000000, 0.000006
471.000000, 0.000003
471.000000, 0.000003
471.000000, 0.000013
471.000000, 0.000011
472.000000, 0.000005
472.000000, 0.000011
472.000000, 0.000008
472.000000, 0.000003
472.000000, 0.000003
473.000000, 0.000003
473.000000, 0.000003
473.000000, 0.000004
473.000000, 0.000011
473.000000, 0.000003
474.000000, 0.000003
474.000000, 0.000008
474.000000, 0.000007
474.000000, 0.000005
474.000000, 0.000016
475.000000, 0.000012
475.000000, 0.000003
475.000000, 0.000003
475.000000, 0.000010
475.000000, 0.000011
476.000000, 0.000003
476.000000, 0.000003
476.000000, 0.000006
476.000000, 0.000003
476.000000, 0.000003
477.000000, 0.000003
477.000000, 0.000003
477.000000, 0.000003
477.000000, 0.000003
477.000000, 0.000006
478.000000, 0.000006
478.000000, 0.000004
478.000000, 0.000003
478.000000, 0.000003
478.000000, 0.000003
479.000000, 0.000003
479.000000, 0.000004
479.000000, 0.000007
479.000000, 0.000005
479.000000, 0.000003
480.000000, 0.000003
480.000000, 0.000008
480.000000, 0.000004
480.000000, 0.000005
480.000000, 0.000008
481.000000, 0.000007
481.000000, 0.000005
481.000000, 0.000003
481.000000, 0.000003
481.000000, 0.000003
482.000000, 0.000003
482.000000, 0.000003
482.000000, 0.000003
482.000000, 0.000003
482.000000, 0.000003
483.000000, 0.000008
483.000000, 0.000016
483.000000, 0.000015
483.000000, 0.000006
483.000000, 0.000003
484.000000, 0.000003
484.000000, 0.000003
484.000000, 0.000003
484.000000, 0.000003
484.000000, 0.000003
485.000000, 0.000004
485.000000, 0.000004
485.000000, 0.000003
485.000000, 0.000003
485.000000, 0.000003
486.000000, 0.000005
486.000000, 0.000009
486.000000, 0.000004
486.000000, 0.000003
486.000000, 0.000003
487.000000, 0.000007
487.000000, 0.000005
487.000000, 0.000004
487.000000, 0.000008
487.000000, 0.000003
488.000000, 0.000002
488.000000, 0.000002
488.000000, 0.000002
488.000000, 0.000002
488.000000, 0.000002
489.000000, 0.000003
489.000000, 0.000005
489.000000, 0.000005
489.000000, 0.000003
489.000000, 0.000005
490.000000, 0.000006
490.000000, 0.000004
490.000000, 0.000002
490.000000, 0.000005
490.000000, 0.000002
491.000000, 0.000002
491.000000, 0.000002
491.000000, 0.000003
491.000000, 0.000006
491.000000, 0.000003
492.000000, 0.000003
492.000000, 0.000002
492.000000, 0.000002
492.000000, 0.000002
492.000000, 0.000003
493.000000, 0.000004
493.000000, 0.000008
493.000000, 0.000005
493.000000, 0.000008
493.000000, 0.000005
494.000000, 0.000002
494.000000, 0.000003
494.000000, 0.000008
494.000000, 0.000003
494.000000, 0.000003
495.000000, 0.000004
495.000000, 0.000003
495.000000, 0.000002
495.000000, 0.000002
495.000000, 0.000002
496.000000, 0.000002
496.000000, 0.000003
496.000000, 0.000004
496.000000, 0.000003
496.000000, 0.000002
497.000000, 0.000004
497.000000, 0.000004
497.000000, 0.000003
497.000000, 0.000002
497.000000, 0.000003
498.000000, 0.000005
498.000000, 0.000005
498.000000, 0.000002
498.000000, 0.000002
498.000000, 0.000002
499.000000, 0.000003
499.000000, 0.000006
499.000000, 0.000005
499.000000, 0.000002
499.000000, 0.000006
500.000000, 0.000003
500.000000, 0.000002
500.000000, 0.000002
500.000000, 0.000003
500.000000, 0.000005
501.000000, 0.000002
501.000000, 0.000002
501.000000, 0.000002
501.000000, 0.000002
501.000000, 0.000002
502.000000, 0.000002
502.000000, 0.000002
502.000000, 0.000002
502.000000, 0.000003
502.000000, 0.000004
503.000000, 0.000004
503.000000, 0.000002
503.000000, 0.000005
503.000000, 0.000010
503.000000, 0.000002
504.000000, 0.000005
504.000000, 0.000005
504.000000, 0.000002
504.000000, 0.000003
504.000000, 0.000005
505.000000, 0.000002
505.000000, 0.000004
505.000000, 0.000003
505.000000, 0.000002
505.000000, 0.000005
506.000000, 0.000002
506.000000, 0.000003
506.000000, 0.000002
506.000000, 0.000003
506.000000, 0.000003
507.000000, 0.000003
507.000000, 0.000002
507.000000, 0.000002
507.000000, 0.000002
507.000000, 0.000004
508.000000, 0.000003
508.000000, 0.000002
508.000000, 0.000002
508.000000, 0.000002
508.000000, 0.000002
509.000000, 0.000002
509.000000, 0.000002
509.000000, 0.000003
509.000000, 0.000004
509.000000, 0.000002
510.000000, 0.000002
510.000000, 0.000002
510.000000, 0.000002
510.000000, 0.000003
510.000000, 0.000003
511.000000, 0.000002
511.000000, 0.000002
511.000000, 0.000002
511.000000, 0.000003
511.000000, 0.000005
512.000000, 0.000003
512.000000, 0.000002
512.000000, 0.000002
512.000000, 0.000002
512.000000, 0.000004
513.000000, 0.000006
513.000000, 0.000004
513.000000, 0.000004
513.000000, 0.000004
513.000000, 0.000002
514.000000, 0.000002
514.000000, 0.000004
514.000000, 0.000004
514.000000, 0.000002
514.000000, 0.000002
515.000000, 0.000001
515.000000, 0.000001
515.000000, 0.000001
515.000000, 0.000005
515.000000, 0.000004
516.000000, 0.000002
516.000000, 0.000002
516.000000, 0.000001
516.000000, 0.000001
516.000000, 0.000001
517.000000, 0.000001
517.000000, 0.000003
517.000000, 0.000007
517.000000, 0.000004
517.000000, 0.000001
518.000000, 0.000001
518.000000, 0.000001
518.000000, 0.000002
518.000000, 0.000004
518.000000, 0.000008
519.000000, 0.000006
519.000000, 0.000003
519.000000, 0.000008
519.000000, 0.000002
519.000000, 0.000003
520.000000, 0.000005
520.000000, 0.000007
520.000000, 0.000003
520.000000, 0.000004
520.000000, 0.000001
521.000000, 0.000002
521.000000, 0.000002
521.000000, 0.000001
521.000000, 0.000002
521.000000, 0.000003
522.000000, 0.000001
522.000000, 0.000001
522.000000, 0.000001
522.000000, 0.000001
522.000000, 0.000001
523.000000, 0.000001
523.000000, 0.000003
523.000000, 0.000008
523.000000, 0.000002
523.000000, 0.000001
524.000000, 0.000003
524.000000, 0.000005
524.000000, 0.000003
524.000000, 0.000001
524.000000, 0.000001
525.000000, 0.000001
525.000000, 0.000001
525.000000, 0.000002
525.000000, 0.000003
525.000000, 0.000007
526.000000, 0.000004
526.000000, 0.000004
526.000000, 0.000002
526.000000, 0.000001
526.000000, 0.000001
527.000000, 0.000001
527.000000, 0.000001
527.000000, 0.000002
527.000000, 0.000001
527.000000, 0.000001
528.000000, 0.000002
528.000000, 0.000003
528.000000, 0.000001
528.000000, 0.000005
528.000000, 0.000003
529.000000, 0.000001
529.000000, 0.000003
529.000000, 0.000003
529.000000, 0.000002
529.000000, 0.000001
530.000000, 0.000001
530.000000, 0.000003
530.000000, 0.000002
530.000000, 0.000001
530.000000, 0.000001
531.000000, 0.000001
531.000000, 0.000001
531.000000, 0.000004
531.000000, 0.000004
531.000000, 0.000002
532.000000, 0.000001
532.000000, 0.000001
532.000000, 0.000002
532.000000, 0.000007
532.000000, 0.000002
533.000000, 0.000001
533.000000, 0.000001
533.000000, 0.000001
533.000000, 0.000001
533.000000, 0.000002
534.000000, 0.000001
534.000000, 0.000003
534.000000, 0.000003
534.000000, 0.000002
534.000000, 0.000002
535.000000, 0.000001
535.000000, 0.000002
535.000000, 0.000002
535.000000, 0.000001
535.000000, 0.000002
536.000000, 0.000002
536.000000, 0.000001
536.000000, 0.000001
536.000000, 0.000001
536.000000, 0.000001
537.000000, 0.000001
537.000000, 0.000001
537.000000, 0.000001
537.000000, 0.000001
537.000000, 0.000001
538.000000, 0.000002
538.000000, 0.000003
538.000000, 0.000002
538.000000, 0.000001
538.000000, 0.000001
539.000000, 0.000002
539.000000, 0.000003
539.000000, 0.000001
539.000000, 0.000002
539.000000, 0.000001
540.000000, 0.000001
540.000000, 0.000002
540.000000, 0.000004
540.000000, 0.000003
540.000000, 0.000001
541.000000, 0.000003
541.000000, 0.000002
541.000000, 0.000001
541.000000, 0.000002
541.000000, 0.000003
542.000000, 0.000003
542.000000, 0.000004
542.000000, 0.000003
542.000000, 0.000002
542.000000, 0.000002
543.000000, 0.000003
543.000000, 0.000002
543.000000, 0.000001
543.000000, 0.000004
543.000000, 0.000002
544.000000, 0.000002
544.000000, 0.000002
544.000000, 0.000001
544.000000, 0.000001
544.000000, 0.000001
545.000000, 0.000001
545.000000, 0.000002
545.000000, 0.000002
545.000000, 0.000001
545.000000, 0.000002
546.000000, 0.000002
546.000000, 0.000001
546.000000, 0.000001
546.000000, 0.000002
546.000000, 0.000002
547.000000, 0.000001
547.000000, 0.000001
547.000000, 0.000001
547.000000, 0.000002
547.000000, 0.000001
548.000000, 0.000002
548.000000, 0.000002
548.000000, 0.000001
548.000000, 0.000001
548.000000, 0.000001
549.000000, 0.000001
549.000000, 0.000001
549.000000, 0.000001
549.000000, 0.000001
549.000000, 0.000001
550.000000, 0.000002
550.000000, 0.000001
550.000000, 0.000003
550.000000, 0.000001
550.000000, 0.000001
551.000000, 0.000001
551.000000, 0.000001
551.000000, 0.000002
551.000000, 0.000001
551.000000, 0.000001
552.000000, 0.000001
552.000000, 0.000001
552.000000, 0.000002
552.000000, 0.000005
552.000000, 0.000002
553.000000, 0.000003
553.000000, 0.000003
553.000000, 0.000004
553.000000, 0.000002
553.000000, 0.000001
554.000000, 0.000001
554.000000, 0.000001
554.000000, 0.000005
554.000000, 0.000004
554.000000, 0.000002
555.000000, 0.000002
555.000000, 0.000002
555.000000, 0.000001
555.000000, 0.000001
555.000000, 0.000001
556.000000, 0.000001
556.000000, 0.000001
556.000000, 0.000001
556.000000, 0.000001
556.000000, 0.000004
557.000000, 0.000002
557.000000, 0.000004
557.000000, 0.000002
557.000000, 0.000001
557.000000, 0.000002
558.000000, 0.000001
558.000000, 0.000001
558.000000, 0.000001
558.000000, 0.000001
558.000000, 0.000001
559.000000, 0.000001
559.000000, 0.000002
559.000000, 0.000001
559.000000, 0.000003
559.000000, 0.000003
560.000000, 0.000002
560.000000, 0.000000
560.000000, 0.000001
560.000000, 0.000001
560.000000, 0.000001
561.000000, 0.000001
561.000000, 0.000001
561.000000, 0.000001
561.000000, 0.000001
561.000000, 0.000002
562.000000, 0.000002
562.000000, 0.000003
562.000000, 0.000003
562.000000, 0.000003
562.000000, 0.000002
563.000000, 0.000002
563.000000, 0.000002
563.000000, 0.000001
563.000000, 0.000001
563.000000, 0.000001
564.000000, 0.000001
564.000000, 0.000001
564.000000, 0.000001
564.000000, 0.000000
564.000000, 0.000000
565.000000, 0.000000
565.000000, 0.000000
565.000000, 0.000000
565.000000, 0.000000
565.000000, 0.000000
566.000000, 0.000000
566.000000, 0.000000
566.000000, 0.000000
566.000000, 0.000000
566.000000, 0.000000
567.000000, 0.000000
567.000000, 0.000000
567.000000, 0.000000
567.000000, 0.000000
567.000000, 0.000000
568.000000, 0.000001
568.000000, 0.000001
568.000000, 0.000001
568.000000, 0.000001
568.000000, 0.000001
569.000000, 0.000001
569.000000, 0.000001
569.000000, 0.000001
569.000000, 0.000001
569.000000, 0.000002
570.000000, 0.000002
570.000000, 0.000001
570.000000, 0.000001
570.000000, 0.000001
570.000000, 0.000001
571.000000, 0.000001
571.000000, 0.000001
571.000000, 0.000001
571.000000, 0.000001
571.000000, 0.000001
572.000000, 0.000000
572.000000, 0.000000
572.000000, 0.000000
572.000000, 0.000000
572.000000, 0.000000
573.000000, 0.000001
573.000000, 0.000001
573.000000, 0.000001
573.000000, 0.000001
573.000000, 0.000001
574.000000, 0.000001
574.000000, 0.000002
574.000000, 0.000002
574.000000, 0.000002
574.000000, 0.000003
575.000000, 0.000003
575.000000, 0.000002
575.000000, 0.000002
575.000000, 0.000002
575.000000, 0.000001
576.000000, 0.000001
576.000000, 0.000001
576.000000, 0.000001
576.000000, 0.000001
576.000000, 0.000001
577.000000, 0.000000
577.000000, 0.000000
577.000000, 0.000000
577.000000, 0.000001
577.000000, 0.000001
578.000000, 0.000001
578.000000, 0.000001
578.000000, 0.000002
578.000000, 0.000003
578.000000, 0.000004
579.000000, 0.000006
579.000000, 0.000008
579.000000, 0.000011
579.000000, 0.000015
579.000000, 0.000021
580.000000, 0.000025
580.000000, 0.000026
580.000000, 0.000027
580.000000, 0.000028
580.000000, 0.000028
581.000000, 0.000029
581.000000, 0.000030
581.000000, 0.000031
581.000000, 0.000032
581.000000, 0.000033
582.000000, 0.000034
582.000000, 0.000035
582.000000, 0.000036
582.000000, 0.000034
582.000000, 0.000030
583.000000, 0.000026
583.000000, 0.000023
583.000000, 0.000020
583.000000, 0.000017
583.000000, 0.000015
584.000000, 0.000013
584.000000, 0.000011
584.000000, 0.000010
584.000000, 0.000009
584.000000, 0.000008
585.000000, 0.000008
585.000000, 0.000009
585.000000, 0.000011
585.000000, 0.000013
585.000000, 0.000015
586.000000, 0.000018
586.000000, 0.000022
586.000000, 0.000026
586.000000, 0.000030
586.000000, 0.000036
587.000000, 0.000043
587.000000, 0.000051
587.000000, 0.000057
587.000000, 0.000056
587.000000, 0.000055
588.000000, 0.000054
588.000000, 0.000053
588.000000, 0.000052
588.000000, 0.000052
588.000000, 0.000051
589.000000, 0.000050
589.000000, 0.000049
589.000000, 0.000048
589.000000, 0.000048
589.000000, 0.000047
590.000000, 0.000045
590.000000, 0.000042
590.000000, 0.000039
590.000000, 0.000036
590.000000, 0.000034
591.000000, 0.000031
591.000000, 0.000029
591.000000, 0.000027
591.000000, 0.000025
591.000000, 0.000023
592.000000, 0.000022
592.000000, 0.000020
592.000000, 0.000019
592.000000, 0.000018
592.000000, 0.000018
593.000000, 0.000017
593.000000, 0.000017
593.000000, 0.000017
593.000000, 0.000017
593.000000, 0.000016
594.000000, 0.000016
594.000000, 0.000016
594.000000, 0.000015
594.000000, 0.000015
594.000000, 0.000015
595.000000, 0.000016
595.000000, 0.000019
595.000000, 0.000022
595.000000, 0.000026
595.000000, 0.000031
596.000000, 0.000037
596.000000, 0.000043
596.000000, 0.000051
596.000000, 0.000060
596.000000, 0.000071
597.000000, 0.000084
597.000000, 0.000099
597.000000, 0.000112
597.000000, 0.000115
597.000000, 0.000117
598.000000, 0.000120
598.000000, 0.000123
598.000000, 0.000127
598.000000, 0.000130
598.000000, 0.000133
599.000000, 0.000136
599.000000, 0.000140
599.000000, 0.000143
599.000000, 0.000147
599.000000, 0.000151
600.000000, 0.000143
600.000000, 0.000125
600.000000, 0.000109
600.000000, 0.000095
600.000000, 0.000083
601.000000, 0.000072
601.000000, 0.000063
601.000000, 0.000055
601.000000, 0.000047
601.000000, 0.000041
602.000000, 0.000036
602.000000, 0.000031
602.000000, 0.000027
602.000000, 0.000025
602.000000, 0.000024
603.000000, 0.000024
603.000000, 0.000023
603.000000, 0.000022
603.000000, 0.000022
603.000000, 0.000021
604.000000, 0.000020
604.000000, 0.000020
604.000000, 0.000019
604.000000, 0.000019
604.000000, 0.000018
605.000000, 0.000019
605.000000, 0.000020
605.000000, 0.000023
605.000000, 0.000025
605.000000, 0.000028
606.000000, 0.000030
606.000000, 0.000033
606.000000, 0.000037
606.000000, 0.000041
606.000000, 0.000045
607.000000, 0.000050
607.000000, 0.000055
607.000000, 0.000059
607.000000, 0.000059
607.000000, 0.000060
608.000000, 0.000061
608.000000, 0.000061
608.000000, 0.000062
608.000000, 0.000062
608.000000, 0.000063
609.000000, 0.000064
609.000000, 0.000064
609.000000, 0.000065
609.000000, 0.000066
609.000000, 0.000067
610.000000, 0.000063
610.000000, 0.000055
610.000000, 0.000048
610.000000, 0.000041
610.000000, 0.000036
611.000000, 0.000031
611.000000, 0.000027
611.000000, 0.000024
611.000000, 0.000021
611.000000, 0.000018
612.000000, 0.000015
612.000000, 0.000013
612.000000, 0.000012
612.000000, 0.000010
612.000000, 0.000010
613.000000, 0.000009
613.000000, 0.000008
613.000000, 0.000007
613.000000, 0.000007
613.000000, 0.000006
614.000000, 0.000005
614.000000, 0.000005
614.000000, 0.000005
614.000000, 0.000004
614.000000, 0.000004
615.000000, 0.000004
615.000000, 0.000004
615.000000, 0.000004
615.000000, 0.000004
615.000000, 0.000004
616.000000, 0.000004
616.000000, 0.000004
616.000000, 0.000004
616.000000, 0.000004
616.000000, 0.000004
617.000000, 0.000004
617.000000, 0.000004
617.000000, 0.000004
617.000000, 0.000005
617.000000, 0.000005
618.000000, 0.000006
618.000000, 0.000007
618.000000, 0.000007
618.000000, 0.000008
618.000000, 0.000010
619.000000, 0.000011
619.000000, 0.000012
619.000000, 0.000014
619.000000, 0.000016
619.000000, 0.000018
620.000000, 0.000020
620.000000, 0.000023
620.000000, 0.000026
620.000000, 0.000029
620.000000, 0.000033
621.000000, 0.000038
621.000000, 0.000043
621.000000, 0.000049
621.000000, 0.000055
621.000000, 0.000063
622.000000, 0.000071
622.000000, 0.000081
622.000000, 0.000092
622.000000, 0.000095
622.000000, 0.000090
623.000000, 0.000086
623.000000, 0.000082
623.000000, 0.000078
623.000000, 0.000074
623.000000, 0.000071
624.000000, 0.000068
624.000000, 0.000064
624.000000, 0.000061
624.000000, 0.000058
624.000000, 0.000056
625.000000, 0.000052
625.000000, 0.000048
625.000000, 0.000044
625.000000, 0.000040
625.000000, 0.000037
626.000000, 0.000034
626.000000, 0.000031
626.000000, 0.000028
626.000000, 0.000026
626.000000, 0.000024
627.000000, 0.000022
627.000000, 0.000020
627.000000, 0.000019
627.000000, 0.000019
627.000000, 0.000018
628.000000, 0.000018
628.000000, 0.000018
628.000000, 0.000018
628.000000, 0.000017
628.000000, 0.000017
629.000000, 0.000017
629.000000, 0.000017
629.000000, 0.000016
629.000000, 0.000016
629.000000, 0.000016
630.000000, 0.000016
630.000000, 0.000018
630.000000, 0.000019
630.000000, 0.000021
630.000000, 0.000023
631.000000, 0.000025
631.000000, 0.000027
631.000000, 0.000029
631.000000, 0.000031
631.000000, 0.000034
632.000000, 0.000037
632.000000, 0.000040
632.000000, 0.000043
632.000000, 0.000045
632.000000, 0.000046
633.000000, 0.000046
633.000000, 0.000046
633.000000, 0.000047
633.000000, 0.000047
633.000000, 0.000048
634.000000, 0.000048
634.000000, 0.000048
634.000000, 0.000049
634.000000, 0.000049
634.000000, 0.000050
635.000000, 0.000050
635.000000, 0.000049
635.000000, 0.000049
635.000000, 0.000049
635.000000, 0.000048
636.000000, 0.000048
636.000000, 0.000048
636.000000, 0.000047
636.000000, 0.000047
636.000000, 0.000047
637.000000, 0.000046
637.000000, 0.000046
637.000000, 0.000046
637.000000, 0.000048
637.000000, 0.000050
638.000000, 0.000052
638.000000, 0.000054
638.000000, 0.000056
638.000000, 0.000059
638.000000, 0.000061
639.000000, 0.000064
639.000000, 0.000066
639.000000, 0.000069
639.000000, 0.000071
639.000000, 0.000074
640.000000, 0.000076
640.000000, 0.000075
640.000000, 0.000074
640.000000, 0.000074
640.000000, 0.000073
641.000000, 0.000073
641.000000, 0.000072
641.000000, 0.000071
641.000000, 0.000071
641.000000, 0.000070
642.000000, 0.000070
642.000000, 0.000069
642.000000, 0.000068
642.000000, 0.000067
642.000000, 0.000066
643.000000, 0.000064
643.000000, 0.000063
643.000000, 0.000062
643.000000, 0.000060
643.000000, 0.000059
644.000000, 0.000058
644.000000, 0.000057
644.000000, 0.000055
644.000000, 0.000054
644.000000, 0.000053
645.000000, 0.000054
645.000000, 0.000056
645.000000, 0.000059
645.000000, 0.000062
645.000000, 0.000066
646.000000, 0.000069
646.000000, 0.000072
646.000000, 0.000076
646.000000, 0.000080
646.000000, 0.000084
647.000000, 0.000089
647.000000, 0.000093
647.000000, 0.000099
647.000000, 0.000106
647.000000, 0.000115
648.000000, 0.000124
648.000000, 0.000133
648.000000, 0.000143
648.000000, 0.000154
648.000000, 0.000166
649.000000, 0.000179
649.000000, 0.000193
649.000000, 0.000208
649.000000, 0.000224
649.000000, 0.000241
650.000000, 0.000250
650.000000, 0.000247
650.000000, 0.000244
650.000000, 0.000241
650.000000, 0.000238
651.000000, 0.000235
651.000000, 0.000232
651.000000, 0.000229
651.000000, 0.000227
651.000000, 0.000224
652.000000, 0.000221
652.000000, 0.000218
652.000000, 0.000216
652.000000, 0.000206
652.000000, 0.000191
653.000000, 0.000177
653.000000, 0.000164
653.000000, 0.000152
653.000000, 0.000140
653.000000, 0.000130
654.000000, 0.000121
654.000000, 0.000112
654.000000, 0.000103
654.000000, 0.000096
654.000000, 0.000089
655.000000, 0.000083
655.000000, 0.000080
655.000000, 0.000076
655.000000, 0.000073
655.000000, 0.000070
656.000000, 0.000067
656.000000, 0.000064
656.000000, 0.000061
656.000000, 0.000059
656.000000, 0.000056
657.000000, 0.000054
657.000000, 0.000051
657.000000, 0.000051
657.000000, 0.000052
657.000000, 0.000053
658.000000, 0.000054
658.000000, 0.000055
658.000000, 0.000057
658.000000, 0.000058
658.000000, 0.000059
659.000000, 0.000061
659.000000, 0.000062
659.000000, 0.000063
659.000000, 0.000065
659.000000, 0.000066
660.000000, 0.000068
660.000000, 0.000071
660.000000, 0.000073
660.000000, 0.000076
660.000000, 0.000079
661.000000, 0.000082
661.000000, 0.000085
661.000000, 0.000088
661.000000, 0.000092
661.000000, 0.000095
662.000000, 0.000099
662.000000, 0.000102
662.000000, 0.000106
662.000000, 0.000105
662.000000, 0.000100
663.000000, 0.000094
663.000000, 0.000089
663.000000, 0.000085
663.000000, 0.000080
663.000000, 0.000076
664.000000, 0.000072
664.000000, 0.000068
664.000000, 0.000064
664.000000, 0.000061
664.000000, 0.000058
665.000000, 0.000054
665.000000, 0.000049
665.000000, 0.000045
665.000000, 0.000041
665.000000, 0.000037
666.000000, 0.000034
666.000000, 0.000031
666.000000, 0.000028
666.000000, 0.000026
666.000000, 0.000024
667.000000, 0.000022
667.000000, 0.000020
667.000000, 0.000018
667.000000, 0.000018
667.000000, 0.000017
668.000000, 0.000017
668.000000, 0.000016
668.000000, 0.000016
668.000000, 0.000015
668.000000, 0.000015
669.000000, 0.000014
669.000000, 0.000014
669.000000, 0.000013
669.000000, 0.000013
669.000000, 0.000012
670.000000, 0.000012
670.000000, 0.000012
670.000000, 0.000013
670.000000, 0.000013
670.000000, 0.000013
671.000000, 0.000013
671.000000, 0.000014
671.000000, 0.000014
671.000000, 0.000014
671.000000, 0.000015
672.000000, 0.000015
672.000000, 0.000015
672.000000, 0.000016
672.000000, 0.000016
672.000000, 0.000017
673.000000, 0.000018
673.000000, 0.000018
673.000000, 0.000019
673.000000, 0.000020
673.000000, 0.000021
674.000000, 0.000022
674.000000, 0.000023
674.000000, 0.000024
674.000000, 0.000026
674.000000, 0.000027
675.000000, 0.000028
675.000000, 0.000030
675.000000, 0.000031
675.000000, 0.000033
675.000000, 0.000035
676.000000, 0.000037
676.000000, 0.000039
676.000000, 0.000041
676.000000, 0.000043
676.000000, 0.000046
677.000000, 0.000048
677.000000, 0.000051
677.000000, 0.000053
677.000000, 0.000053
677.000000, 0.000053
678.000000, 0.000054
678.000000, 0.000054
678.000000, 0.000054
678.000000, 0.000054
678.000000, 0.000054
679.000000, 0.000055
679.000000, 0.000055
679.000000, 0.000055
679.000000, 0.000055
679.000000, 0.000056
680.000000, 0.000056
680.000000, 0.000057
680.000000, 0.000058
680.000000, 0.000059
680.000000, 0.000061
681.000000, 0.000062
681.000000, 0.000063
681.000000, 0.000064
681.000000, 0.000065
681.000000, 0.000067
682.000000, 0.000068
682.000000, 0.000069
682.000000, 0.000071
682.000000, 0.000071
682.000000, 0.000071
683.000000, 0.000070
683.000000, 0.000069
683.000000, 0.000069
683.000000, 0.000068
683.000000, 0.000068
684.000000, 0.000067
684.000000, 0.000067
684.000000, 0.000066
684.000000, 0.000066
684.000000, 0.000065
685.000000, 0.000066
685.000000, 0.000069
685.000000, 0.000072
685.000000, 0.000076
685.000000, 0.000079
686.000000, 0.000083
686.000000, 0.000087
686.000000, 0.000091
686.000000, 0.000095
686.000000, 0.000099
687.000000, 0.000104
687.000000, 0.000108
687.000000, 0.000111
687.000000, 0.000110
687.000000, 0.000108
688.000000, 0.000107
688.000000, 0.000106
688.000000, 0.000105
688.000000, 0.000104
688.000000, 0.000103
689.000000, 0.000102
689.000000, 0.000101
689.000000, 0.000100
689.000000, 0.000099
689.000000, 0.000098
690.000000, 0.000096
690.000000, 0.000092
690.000000, 0.000089
690.000000, 0.000086
690.000000, 0.000083
691.000000, 0.000080
691.000000, 0.000078
691.000000, 0.000075
691.000000, 0.000073
691.000000, 0.000070
692.000000, 0.000068
692.000000, 0.000065
692.000000, 0.000063
692.000000, 0.000061
692.000000, 0.000059
693.000000, 0.000057
693.000000, 0.000055
693.000000, 0.000054
693.000000, 0.000052
693.000000, 0.000050
694.000000, 0.000048
694.000000, 0.000047
694.000000, 0.000045
694.000000, 0.000044
694.000000, 0.000042
695.000000, 0.000041
695.000000, 0.000040
695.000000, 0.000039
695.000000, 0.000038
695.000000, 0.000036
696.000000, 0.000035
696.000000, 0.000034
696.000000, 0.000033
696.000000, 0.000032
696.000000, 0.000031
697.000000, 0.000031
697.000000, 0.000030
697.000000, 0.000029
697.000000, 0.000029
697.000000, 0.000028
698.000000, 0.000028
698.000000, 0.000028
698.000000, 0.000027
698.000000, 0.000027
698.000000, 0.000027
699.000000, 0.000026
699.000000, 0.000026
699.000000, 0.000026
699.000000, 0.000025
699.000000, 0.000025
700.000000, 0.000025
700.000000, 0.000026
700.000000, 0.000026
700.000000, 0.000027
700.000000, 0.000027
701.000000, 0.000028
701.000000, 0.000028
701.000000, 0.000029
701.000000, 0.000029
701.000000, 0.000030
702.000000, 0.000031
702.000000, 0.000031
702.000000, 0.000032
702.000000, 0.000033
702.000000, 0.000035
703.000000, 0.000037
703.000000, 0.000039
703.000000, 0.000042
703.000000, 0.000044
703.000000, 0.000047
704.000000, 0.000049
704.000000, 0.000052
704.000000, 0.000055
704.000000, 0.000058
704.000000, 0.000062
705.000000, 0.000065
705.000000, 0.000068
705.000000, 0.000071
705.000000, 0.000074
705.000000, 0.000078
706.000000, 0.000081
706.000000, 0.000085
706.000000, 0.000088
706.000000, 0.000092
706.000000, 0.000096
707.000000, 0.000101
707.000000, 0.000105
707.000000, 0.000108
707.000000, 0.000109
707.000000, 0.000109
708.000000, 0.000110
708.000000, 0.000111
708.000000, 0.000111
708.000000, 0.000112
708.000000, 0.000112
709.000000, 0.000113
709.000000, 0.000114
709.000000, 0.000114
709.000000, 0.000115
709.000000, 0.000115
710.000000, 0.000118
710.000000, 0.000122
710.000000, 0.000127
710.000000, 0.000131
710.000000, 0.000136
711.000000, 0.000141
711.000000, 0.000147
711.000000, 0.000152
711.000000, 0.000158
711.000000, 0.000164
712.000000, 0.000170
712.000000, 0.000176
712.000000, 0.000183
712.000000, 0.000187
712.000000, 0.000186
713.000000, 0.000186
713.000000, 0.000185
713.000000, 0.000185
713.000000, 0.000185
713.000000, 0.000184
714.000000, 0.000184
714.000000, 0.000183
714.000000, 0.000183
714.000000, 0.000183
714.000000, 0.000182
715.000000, 0.000181
715.000000, 0.000180
715.000000, 0.000178
715.000000, 0.000176
715.000000, 0.000175
716.000000, 0.000173
716.000000, 0.000171
716.000000, 0.000170
716.000000, 0.000168
716.000000, 0.000166
717.000000, 0.000165
717.000000, 0.000163
717.000000, 0.000161
717.000000, 0.000157
717.000000, 0.000153
718.000000, 0.000150
718.000000, 0.000146
718.000000, 0.000143
718.000000, 0.000140
718.000000, 0.000136
719.000000, 0.000133
719.000000, 0.000130
719.000000, 0.000127
719.000000, 0.000124
719.000000, 0.000121
720.000000, 0.000118
720.000000, 0.000115
720.000000, 0.000111
720.000000, 0.000108
720.000000, 0.000105
721.000000, 0.000102
721.000000, 0.000099
721.000000, 0.000096
721.000000, 0.000093
721.000000, 0.000091
722.000000, 0.000088
722.000000, 0.000086
722.000000, 0.000083
722.000000, 0.000081
722.000000, 0.000080
723.000000, 0.000079
723.000000, 0.000078
723.000000, 0.000077
723.000000, 0.000076
723.000000, 0.000074
724.000000, 0.000073
724.000000, 0.000072
724.000000, 0.000071
724.000000, 0.000070
724.000000, 0.000069
725.000000, 0.000069
725.000000, 0.000071
725.000000, 0.000072
725.000000, 0.000074
725.000000, 0.000075
726.000000, 0.000077
726.000000, 0.000079
726.000000, 0.000080
726.000000, 0.000082
726.000000, 0.000084
727.000000, 0.000085
727.000000, 0.000087
727.000000, 0.000089
727.000000, 0.000091
727.000000, 0.000093
728.000000, 0.000095
728.000000, 0.000097
728.000000, 0.000099
728.000000, 0.000101
728.000000, 0.000103
729.000000, 0.000105
729.000000, 0.000107
729.000000, 0.000109
729.000000, 0.000111
729.000000, 0.000114
730.000000, 0.000116
730.000000, 0.000119
730.000000, 0.000121
730.000000, 0.000124
730.000000, 0.000127
731.000000, 0.000129
731.000000, 0.000132
731.000000, 0.000135
731.000000, 0.000138
731.000000, 0.000141
732.000000, 0.000144
732.000000, 0.000148
732.000000, 0.000151
732.000000, 0.000150
732.000000, 0.000145
733.000000, 0.000140
733.000000, 0.000135
733.000000, 0.000130
733.000000, 0.000125
733.000000, 0.000121
734.000000, 0.000117
734.000000, 0.000113
734.000000, 0.000109
734.000000, 0.000105
734.000000, 0.000101
735.000000, 0.000096
735.000000, 0.000090
735.000000, 0.000084
735.000000, 0.000079
735.000000, 0.000074
736.000000, 0.000070
736.000000, 0.000065
736.000000, 0.000061
736.000000, 0.000057
736.000000, 0.000054
737.000000, 0.000050
737.000000, 0.000047
737.000000, 0.000045
737.000000, 0.000044
737.000000, 0.000043
738.000000, 0.000042
738.000000, 0.000041
738.000000, 0.000040
738.000000, 0.000039
738.000000, 0.000038
739.000000, 0.000037
739.000000, 0.000036
739.000000, 0.000035
739.000000, 0.000034
739.000000, 0.000033
740.000000, 0.000033
740.000000, 0.000034
740.000000, 0.000036
740.000000, 0.000037
740.000000, 0.000039
741.000000, 0.000040
741.000000, 0.000042
741.000000, 0.000043
741.000000, 0.000045
741.000000, 0.000047
742.000000, 0.000049
742.000000, 0.000051
742.000000, 0.000053
742.000000, 0.000055
742.000000, 0.000057
743.000000, 0.000059
743.000000, 0.000061
743.000000, 0.000064
743.000000, 0.000066
743.000000, 0.000069
744.000000, 0.000071
744.000000, 0.000074
744.000000, 0.000077
744.000000, 0.000080
744.000000, 0.000083
745.000000, 0.000086
745.000000, 0.000088
745.000000, 0.000090
745.000000, 0.000093
745.000000, 0.000095
746.000000, 0.000098
746.000000, 0.000101
746.000000, 0.000103
746.000000, 0.000106
746.000000, 0.000109
747.000000, 0.000112
747.000000, 0.000115
747.000000, 0.000116
747.000000, 0.000116
747.000000, 0.000116
748.000000, 0.000116
748.000000, 0.000115
748.000000, 0.000115
748.000000, 0.000115
748.000000, 0.000115
749.000000, 0.000114
749.000000, 0.000114
749.000000, 0.000114
749.000000, 0.000113
749.000000, 0.000113
750.000000, 0.000114
750.000000, 0.000115
750.000000, 0.000117
750.000000, 0.000119
750.000000, 0.000121
751.000000, 0.000123
751.000000, 0.000124
751.000000, 0.000126
751.000000, 0.000128
751.000000, 0.000130
752.000000, 0.000132
752.000000, 0.000134
752.000000, 0.000136
752.000000, 0.000138
752.000000, 0.000140
753.000000, 0.000143
753.000000, 0.000145
753.000000, 0.000147
753.000000, 0.000150
753.000000, 0.000152
754.000000, 0.000154
754.000000, 0.000157
754.000000, 0.000160
754.000000, 0.000162
754.000000, 0.000165
755.000000, 0.000167
755.000000, 0.000168
755.000000, 0.000170
755.000000, 0.000172
755.000000, 0.000173
756.000000, 0.000175
756.000000, 0.000176
756.000000, 0.000178
756.000000, 0.000180
756.000000, 0.000181
757.000000, 0.000183
757.000000, 0.000185
757.000000, 0.000186
757.000000, 0.000187
757.000000, 0.000189
758.000000, 0.000190
758.000000, 0.000191
758.000000, 0.000192
758.000000, 0.000194
758.000000, 0.000195
759.000000, 0.000196
759.000000, 0.000197
759.000000, 0.000199
759.000000, 0.000200
759.000000, 0.000201
760.000000, 0.000203
760.000000, 0.000204
760.000000, 0.000206
760.000000, 0.000207
760.000000, 0.000209
761.000000, 0.000211
761.000000, 0.000212
761.000000, 0.000214
761.000000, 0.000216
761.000000, 0.000217
762.000000, 0.000219
762.000000, 0.000221
762.000000, 0.000222
762.000000, 0.000218
762.000000, 0.000207
763.000000, 0.000197
763.000000, 0.000187
763.000000, 0.000177
763.000000, 0.000168
763.000000, 0.000159
764.000000, 0.000151
764.000000, 0.000144
764.000000, 0.000136
764.000000, 0.000129
764.000000, 0.000123
765.000000, 0.000117
765.000000, 0.000112
765.000000, 0.000107
765.000000, 0.000102
765.000000, 0.000098
766.000000, 0.000094
766.000000, 0.000090
766.000000, 0.000086
766.000000, 0.000082
766.000000, 0.000078
767.000000, 0.000075
767.000000, 0.000072
767.000000, 0.000070
767.000000, 0.000069
767.000000, 0.000068
768.000000, 0.000067
768.000000, 0.000067
768.000000, 0.000066
768.000000, 0.000065
768.000000, 0.000064
769.000000, 0.000063
769.000000, 0.000063
769.000000, 0.000062
769.000000, 0.000061
769.000000, 0.000060
770.000000, 0.000061
770.000000, 0.000065
770.000000, 0.000068
770.000000, 0.000072
770.000000, 0.000075
771.000000, 0.000079
771.000000, 0.000083
771.000000, 0.000088
771.000000, 0.000092
771.000000, 0.000097
772.000000, 0.000102
772.000000, 0.000107
772.000000, 0.000113
772.000000, 0.000118
772.000000, 0.000122
773.000000, 0.000127
773.000000, 0.000131
773.000000, 0.000136
773.000000, 0.000140
773.000000, 0.000145
774.000000, 0.000151
774.000000, 0.000156
774.000000, 0.000161
774.000000, 0.000167
774.000000, 0.000173
775.000000, 0.000175
775.000000, 0.000172
775.000000, 0.000170
775.000000, 0.000167
775.000000, 0.000165
776.000000, 0.000162
776.000000, 0.000160
776.000000, 0.000158
776.000000, 0.000155
776.000000, 0.000153
777.000000, 0.000151
777.000000, 0.000148
777.000000, 0.000146
777.000000, 0.000144
777.000000, 0.000142
778.000000, 0.000140
778.000000, 0.000137
778.000000, 0.000135
778.000000, 0.000133
778.000000, 0.000131
779.000000, 0.000129
779.000000, 0.000127
779.000000, 0.000125
779.000000, 0.000123
779.000000, 0.000122
780.000000, 0.000122
780.000000, 0.000125
780.000000, 0.000129
780.000000, 0.000132
780.000000, 0.000135
781.000000, 0.000139
781.000000, 0.000143
781.000000, 0.000147
781.000000, 0.000151
781.000000, 0.000155
782.000000, 0.000159
782.000000, 0.000163
782.000000, 0.000167
782.000000, 0.000166
782.000000, 0.000157
783.000000, 0.000149
783.000000, 0.000141
783.000000, 0.000134
783.000000, 0.000127
783.000000, 0.000120
784.000000, 0.000114
784.000000, 0.000108
784.000000, 0.000103
784.000000, 0.000097
784.000000, 0.000092
785.000000, 0.000088
785.000000, 0.000086
785.000000, 0.000084
785.000000, 0.000082
785.000000, 0.000080
786.000000, 0.000078
786.000000, 0.000076
786.000000, 0.000074
786.000000, 0.000073
786.000000, 0.000071
787.000000, 0.000069
787.000000, 0.000068
787.000000, 0.000066
787.000000, 0.000064
787.000000, 0.000064
788.000000, 0.000063
788.000000, 0.000063
788.000000, 0.000062
788.000000, 0.000062
788.000000, 0.000061
789.000000, 0.000061
789.000000, 0.000061
789.000000, 0.000060
789.000000, 0.000060
789.000000, 0.000059
790.000000, 0.000059
790.000000, 0.000059
790.000000, 0.000058
790.000000, 0.000058
790.000000, 0.000058
791.000000, 0.000050
791.000000, 0.000041
791.000000, 0.000034
791.000000, 0.000028
791.000000, 0.000024
792.000000, 0.000019
792.000000, 0.000016
792.000000, 0.000013
792.000000, 0.000011
792.000000, 0.000009
793.000000, 0.000008
793.000000, 0.000006
793.000000, 0.000005
793.000000, 0.000004
793.000000, 0.000004
794.000000, 0.000003
794.000000, 0.000002
794.000000, 0.000002
794.000000, 0.000002
794.000000, 0.000001
795.000000, 0.000001
795.000000, 0.000001
795.000000, 0.000001
795.000000, 0.000001
795.000000, 0.000001
796.000000, 0.000000
796.000000, 0.000000
796.000000, 0.000000
796.000000, 0.000000
796.000000, 0.000000
797.000000, 0.000000
797.000000, 0.000000
797.000000, 0.000000
797.000000, 0.000000
797.000000, 0.000000
798.000000, 0.000000
798.000000, 0.000000
798.000000, 0.000000
798.000000, 0.000000
798.000000, 0.000000
799.000000, 0.000000
799.000000, 0.000000
799.000000, 0.000000
799.000000, 0.000000
799.000000, 0.000000
800.000000, 0.000000
800.000000, 0.000000
800.000000, 0.000000
800.000000, 0.000000
800.000000, 0.000000
801.000000, 0.000000
801.000000, 0.000000
801.000000, 0.000000
801.000000, 0.000000
801.000000, 0.000000
802.000000, 0.000000
802.000000, 0.000000
802.000000, 0.000000
802.000000, 0.000000
802.000000, 0.000000
803.000000, 0.000000
803.000000, 0.000000
803.000000, 0.000000
803.000000, 0.000000
803.000000, 0.000000
804.000000, 0.000000
804.000000, 0.000001
804.000000, 0.000001
804.000000, 0.000002
804.000000, 0.000003
805.000000, 0.000005
805.000000, 0.000009
805.000000, 0.000015
805.000000, 0.000026
805.000000, 0.000045
806.000000, 0.000077
806.000000, 0.000107
806.000000, 0.000110
806.000000, 0.000114
806.000000, 0.000117
807.000000, 0.000120
807.000000, 0.000124
807.000000, 0.000128
807.000000, 0.000132
807.000000, 0.000136
808.000000, 0.000140
808.000000, 0.000142
808.000000, 0.000142
808.000000, 0.000142
808.000000, 0.000141
809.000000, 0.000141
809.000000, 0.000141
809.000000, 0.000141
809.000000, 0.000141
809.000000, 0.000141
810.000000, 0.000141
810.000000, 0.000137
810.000000, 0.000131
810.000000, 0.000125
810.000000, 0.000120
811.000000, 0.000115
811.000000, 0.000110
811.000000, 0.000105
811.000000, 0.000101
811.000000, 0.000097
812.000000, 0.000093
812.000000, 0.000083
812.000000, 0.000073
812.000000, 0.000064
812.000000, 0.000056
813.000000, 0.000049
813.000000, 0.000043
813.000000, 0.000038
813.000000, 0.000033
813.000000, 0.000029
814.000000, 0.000025
814.000000, 0.000024
814.000000, 0.000023
814.000000, 0.000022
814.000000, 0.000021
815.000000, 0.000020
815.000000, 0.000019
815.000000, 0.000018
815.000000, 0.000017
815.000000, 0.000016
816.000000, 0.000016
816.000000, 0.000013
816.000000, 0.000009
816.000000, 0.000006
816.000000, 0.000004
817.000000, 0.000003
817.000000, 0.000002
817.000000, 0.000001
817.000000, 0.000001
817.000000, 0.000001
818.000000, 0.000000
818.000000, 0.000000
818.000000, 0.000001
818.000000, 0.000001
818.000000, 0.000002
819.000000, 0.000002
819.000000, 0.000004
819.000000, 0.000005
819.000000, 0.000008
819.000000, 0.000012
820.000000, 0.000019
820.000000, 0.000023
820.000000, 0.000024
820.000000, 0.000026
820.000000, 0.000027
821.000000, 0.000029
821.000000, 0.000031
821.000000, 0.000033
821.000000, 0.000035
821.000000, 0.000037
822.000000, 0.000039
822.000000, 0.000041
822.000000, 0.000044
822.000000, 0.000047
822.000000, 0.000049
823.000000, 0.000052
823.000000, 0.000055
823.000000, 0.000058
823.000000, 0.000062
823.000000, 0.000066
824.000000, 0.000069
824.000000, 0.000072
824.000000, 0.000075
824.000000, 0.000078
824.000000, 0.000081
825.000000, 0.000084
825.000000, 0.000088
825.000000, 0.000091
825.000000, 0.000095
825.000000, 0.000098
826.000000, 0.000102
826.000000, 0.000103
826.000000, 0.000099
826.000000, 0.000095
826.000000, 0.000091
827.000000, 0.000087
827.000000, 0.000083
827.000000, 0.000080
827.000000, 0.000076
827.000000, 0.000073
828.000000, 0.000070
828.000000, 0.000067
828.000000, 0.000065
828.000000, 0.000064
828.000000, 0.000062
829.000000, 0.000060
829.000000, 0.000058
829.000000, 0.000056
829.000000, 0.000055
829.000000, 0.000053
830.000000, 0.000052
830.000000, 0.000052
830.000000, 0.000053
830.000000, 0.000055
830.000000, 0.000056
831.000000, 0.000057
831.000000, 0.000059
831.000000, 0.000060
831.000000, 0.000062
831.000000, 0.000063
832.000000, 0.000065
832.000000, 0.000068
832.000000, 0.000071
832.000000, 0.000075
832.000000, 0.000079
833.000000, 0.000083
833.000000, 0.000087
833.000000, 0.000092
833.000000, 0.000097
833.000000, 0.000102
834.000000, 0.000107
834.000000, 0.000111
834.000000, 0.000114
834.000000, 0.000117
834.000000, 0.000120
835.000000, 0.000124
835.000000, 0.000127
835.000000, 0.000131
835.000000, 0.000134
835.000000, 0.000138
836.000000, 0.000142
836.000000, 0.000145
836.000000, 0.000146
836.000000, 0.000148
836.000000, 0.000149
837.000000, 0.000151
837.000000, 0.000153
837.000000, 0.000154
837.000000, 0.000156
837.000000, 0.000158
838.000000, 0.000159
838.000000, 0.000158
838.000000, 0.000155
838.000000, 0.000151
838.000000, 0.000148
839.000000, 0.000144
839.000000, 0.000141
839.000000, 0.000138
839.000000, 0.000134
839.000000, 0.000131
840.000000, 0.000128
840.000000, 0.000129
840.000000, 0.000132
840.000000, 0.000136
840.000000, 0.000139
841.000000, 0.000143
841.000000, 0.000146
841.000000, 0.000150
841.000000, 0.000154
841.000000, 0.000158
842.000000, 0.000161
842.000000, 0.000164
842.000000, 0.000165
842.000000, 0.000167
842.000000, 0.000169
843.000000, 0.000171
843.000000, 0.000173
843.000000, 0.000174
843.000000, 0.000176
843.000000, 0.000178
844.000000, 0.000180
844.000000, 0.000165
844.000000, 0.000149
844.000000, 0.000134
844.000000, 0.000121
845.000000, 0.000110
845.000000, 0.000099
845.000000, 0.000090
845.000000, 0.000081
845.000000, 0.000073
846.000000, 0.000066
846.000000, 0.000060
846.000000, 0.000055
846.000000, 0.000050
846.000000, 0.000045
847.000000, 0.000041
847.000000, 0.000037
847.000000, 0.000034
847.000000, 0.000031
847.000000, 0.000028
848.000000, 0.000025
848.000000, 0.000020
848.000000, 0.000013
848.000000, 0.000008
848.000000, 0.000006
849.000000, 0.000004
849.000000, 0.000002
849.000000, 0.000002
849.000000, 0.000001
849.000000, 0.000001
850.000000, 0.000000
850.000000, 0.000000
850.000000, 0.000000
850.000000, 0.000000
850.000000, 0.000000
851.000000, 0.000000
851.000000, 0.000000
851.000000, 0.000000
851.000000, 0.000000
851.000000, 0.000000
852.000000, 0.000000
852.000000, 0.000000
852.000000, 0.000000
852.000000, 0.000000
852.000000, 0.000000
853.000000, 0.000001
853.000000, 0.000001
853.000000, 0.000001
853.000000, 0.000001
853.000000, 0.000001
854.000000, 0.000001
854.000000, 0.000001
854.000000, 0.000001
854.000000, 0.000001
854.000000, 0.000001
855.000000, 0.000001
855.000000, 0.000000
855.000000, 0.000000
855.000000, 0.000000
855.000000, 0.000000
856.000000, 0.000000
856.000000, 0.000000
856.000000, 0.000001
856.000000, 0.000001
856.000000, 0.000001
857.000000, 0.000002
857.000000, 0.000003
857.000000, 0.000004
857.000000, 0.000006
857.000000, 0.000008
858.000000, 0.000012
858.000000, 0.000015
858.000000, 0.000017
858.000000, 0.000018
858.000000, 0.000020
859.000000, 0.000022
859.000000, 0.000024
859.000000, 0.000026
859.000000, 0.000029
859.000000, 0.000031
860.000000, 0.000034
860.000000, 0.000037
860.000000, 0.000040
860.000000, 0.000043
860.000000, 0.000047
861.000000, 0.000051
861.000000, 0.000055
861.000000, 0.000059
861.000000, 0.000064
861.000000, 0.000069
862.000000, 0.000075
862.000000, 0.000079
862.000000, 0.000083
862.000000, 0.000087
862.000000, 0.000091
863.000000, 0.000095
863.000000, 0.000100
863.000000, 0.000105
863.000000, 0.000110
863.000000, 0.000115
864.000000, 0.000121
864.000000, 0.000115
864.000000, 0.000108
864.000000, 0.000102
864.000000, 0.000096
865.000000, 0.000091
865.000000, 0.000086
865.000000, 0.000081
865.000000, 0.000076
865.000000, 0.000072
866.000000, 0.000068
866.000000, 0.000066
866.000000, 0.000068
866.000000, 0.000071
866.000000, 0.000073
867.000000, 0.000076
867.000000, 0.000079
867.000000, 0.000082
867.000000, 0.000085
867.000000, 0.000088
868.000000, 0.000091
868.000000, 0.000093
868.000000, 0.000092
868.000000, 0.000091
868.000000, 0.000090
869.000000, 0.000090
869.000000, 0.000089
869.000000, 0.000088
869.000000, 0.000088
869.000000, 0.000087
870.000000, 0.000086
870.000000, 0.000084
870.000000, 0.000081
870.000000, 0.000078
870.000000, 0.000075
871.000000, 0.000073
871.000000, 0.000070
871.000000, 0.000068
871.000000, 0.000065
871.000000, 0.000063
872.000000, 0.000061
872.000000, 0.000056
872.000000, 0.000051
872.000000, 0.000047
872.000000, 0.000043
873.000000, 0.000039
873.000000, 0.000036
873.000000, 0.000033
873.000000, 0.000030
873.000000, 0.000027
874.000000, 0.000025
874.000000, 0.000024
874.000000, 0.000024
874.000000, 0.000023
874.000000, 0.000022
875.000000, 0.000022
875.000000, 0.000021
875.000000, 0.000020
875.000000, 0.000020
875.000000, 0.000019
876.000000, 0.000019
876.000000, 0.000018
876.000000, 0.000016
876.000000, 0.000015
876.000000, 0.000014
877.000000, 0.000013
877.000000, 0.000012
877.000000, 0.000011
877.000000, 0.000010
877.000000, 0.000009
878.000000, 0.000008
878.000000, 0.000008
878.000000, 0.000007
878.000000, 0.000007
878.000000, 0.000007
879.000000, 0.000006
879.000000, 0.000006
879.000000, 0.000006
879.000000, 0.000006
879.000000, 0.000005
880.000000, 0.000005
880.000000, 0.000005
880.000000, 0.000005
880.000000, 0.000004
880.000000, 0.000004
881.000000, 0.000004
881.000000, 0.000004
881.000000, 0.000003
881.000000, 0.000003
881.000000, 0.000003
882.000000, 0.000003
882.000000, 0.000004
882.000000, 0.000005
882.000000, 0.000006
882.000000, 0.000007
883.000000, 0.000010
883.000000, 0.000012
883.000000, 0.000016
883.000000, 0.000020
883.000000, 0.000026
884.000000, 0.000033
884.000000, 0.000038
884.000000, 0.000042
884.000000, 0.000048
884.000000, 0.000054
885.000000, 0.000061
885.000000, 0.000069
885.000000, 0.000079
885.000000, 0.000089
885.000000, 0.000100
886.000000, 0.000114
886.000000, 0.000119
886.000000, 0.000104
886.000000, 0.000090
886.000000, 0.000079
887.000000, 0.000069
887.000000, 0.000060
887.000000, 0.000053
887.000000, 0.000046
887.000000, 0.000040
888.000000, 0.000035
888.000000, 0.000028
888.000000, 0.000021
888.000000, 0.000016
888.000000, 0.000012
889.000000, 0.000009
889.000000, 0.000007
889.000000, 0.000005
889.000000, 0.000004
889.000000, 0.000003
890.000000, 0.000002
890.000000, 0.000002
890.000000, 0.000001
890.000000, 0.000001
890.000000, 0.000001
891.000000, 0.000001
891.000000, 0.000001
891.000000, 0.000001
891.000000, 0.000000
891.000000, 0.000000
892.000000, 0.000000
892.000000, 0.000000
892.000000, 0.000000
892.000000, 0.000000
892.000000, 0.000000
893.000000, 0.000000
893.000000, 0.000000
893.000000, 0.000000
893.000000, 0.000000
893.000000, 0.000000
894.000000, 0.000000
894.000000, 0.000000
894.000000, 0.000000
894.000000, 0.000000
894.000000, 0.000000
895.000000, 0.000000
895.000000, 0.000000
895.000000, 0.000000
895.000000, 0.000000
895.000000, 0.000000
896.000000, 0.000000
896.000000, 0.000000
896.000000, 0.000000
896.000000, 0.000000
896.000000, 0.000001
897.000000, 0.000001
897.000000, 0.000001
897.000000, 0.000001
897.000000, 0.000001
897.000000, 0.000002
898.000000, 0.000002
898.000000, 0.000002
898.000000, 0.000002
898.000000, 0.000001
898.000000, 0.000001
899.000000, 0.000001
899.000000, 0.000001
899.000000, 0.000001
899.000000, 0.000000
899.000000, 0.000000
900.000000, 0.000000
900.000000, 0.000000
900.000000, 0.000000
900.000000, 0.000000
900.000000, 0.000000
901.000000, 0.000000
901.000000, 0.000000
901.000000, 0.000000
901.000000, 0.000000
901.000000, 0.000000
902.000000, 0.000000
902.000000, 0.000000
902.000000, 0.000000
902.000000, 0.000000
902.000000, 0.000000
903.000000, 0.000000
903.000000, 0.000000
903.000000, 0.000000
903.000000, 0.000000
903.000000, 0.000000
904.000000, 0.000000
904.000000, 0.000000
904.000000, 0.000001
904.000000, 0.000001
904.000000, 0.000001
905.000000, 0.000001
905.000000, 0.000002
905.000000, 0.000002
905.000000, 0.000003
905.000000, 0.000005
906.000000, 0.000006
906.000000, 0.000008
906.000000, 0.000009
906.000000, 0.000010
906.000000, 0.000012
907.000000, 0.000014
907.000000, 0.000015
907.000000, 0.000018
907.000000, 0.000020
907.000000, 0.000023
908.000000, 0.000026
908.000000, 0.000030
908.000000, 0.000033
908.000000, 0.000037
908.000000, 0.000041
909.000000, 0.000045
909.000000, 0.000051
909.000000, 0.000056
909.000000, 0.000063
909.000000, 0.000070
910.000000, 0.000078
910.000000, 0.000081
910.000000, 0.000081
910.000000, 0.000080
910.000000, 0.000080
911.000000, 0.000080
911.000000, 0.000080
911.000000, 0.000080
911.000000, 0.000079
911.000000, 0.000079
912.000000, 0.000079
912.000000, 0.000075
912.000000, 0.000071
912.000000, 0.000066
912.000000, 0.000062
913.000000, 0.000058
913.000000, 0.000055
913.000000, 0.000052
913.000000, 0.000048
913.000000, 0.000046
914.000000, 0.000043
914.000000, 0.000042
914.000000, 0.000041
914.000000, 0.000040
914.000000, 0.000039
915.000000, 0.000039
915.000000, 0.000038
915.000000, 0.000037
915.000000, 0.000036
915.000000, 0.000036
916.000000, 0.000035
916.000000, 0.000035
916.000000, 0.000037
916.000000, 0.000038
916.000000, 0.000040
917.000000, 0.000042
917.000000, 0.000044
917.000000, 0.000046
917.000000, 0.000048
917.000000, 0.000051
918.000000, 0.000053
918.000000, 0.000055
918.000000, 0.000057
918.000000, 0.000059
918.000000, 0.000060
919.000000, 0.000062
919.000000, 0.000064
919.000000, 0.000066
919.000000, 0.000069
919.000000, 0.000071
920.000000, 0.000073
920.000000, 0.000076
920.000000, 0.000078
920.000000, 0.000081
920.000000, 0.000085
921.000000, 0.000088
921.000000, 0.000091
921.000000, 0.000095
921.000000, 0.000098
921.000000, 0.000102
922.000000, 0.000106
922.000000, 0.000104
922.000000, 0.000100
922.000000, 0.000096
922.000000, 0.000092
923.000000, 0.000089
923.000000, 0.000086
923.000000, 0.000082
923.000000, 0.000079
923.000000, 0.000076
924.000000, 0.000074
924.000000, 0.000069
924.000000, 0.000065
924.000000, 0.000062
924.000000, 0.000058
925.000000, 0.000055
925.000000, 0.000052
925.000000, 0.000049
925.000000, 0.000046
925.000000, 0.000043
926.000000, 0.000041
926.000000, 0.000039
926.000000, 0.000038
926.000000, 0.000036
926.000000, 0.000035
927.000000, 0.000034
927.000000, 0.000033
927.000000, 0.000032
927.000000, 0.000031
927.000000, 0.000030
928.000000, 0.000029
928.000000, 0.000029
928.000000, 0.000030
928.000000, 0.000031
928.000000, 0.000032
929.000000, 0.000032
929.000000, 0.000033
929.000000, 0.000034
929.000000, 0.000035
929.000000, 0.000036
930.000000, 0.000037
930.000000, 0.000037
930.000000, 0.000038
930.000000, 0.000038
930.000000, 0.000039
931.000000, 0.000039
931.000000, 0.000039
931.000000, 0.000040
931.000000, 0.000040
931.000000, 0.000041
932.000000, 0.000041
932.000000, 0.000044
932.000000, 0.000046
932.000000, 0.000049
932.000000, 0.000052
933.000000, 0.000056
933.000000, 0.000059
933.000000, 0.000063
933.000000, 0.000067
933.000000, 0.000071
934.000000, 0.000076
934.000000, 0.000079
934.000000, 0.000083
934.000000, 0.000087
934.000000, 0.000091
935.000000, 0.000095
935.000000, 0.000099
935.000000, 0.000104
935.000000, 0.000109
935.000000, 0.000114
936.000000, 0.000119
936.000000, 0.000123
936.000000, 0.000119
936.000000, 0.000116
936.000000, 0.000113
937.000000, 0.000111
937.000000, 0.000108
937.000000, 0.000105
937.000000, 0.000102
937.000000, 0.000100
938.000000, 0.000097
938.000000, 0.000093
938.000000, 0.000088
938.000000, 0.000083
938.000000, 0.000078
939.000000, 0.000074
939.000000, 0.000070
939.000000, 0.000066
939.000000, 0.000062
939.000000, 0.000058
940.000000, 0.000055
940.000000, 0.000051
940.000000, 0.000048
940.000000, 0.000044
940.000000, 0.000041
941.000000, 0.000038
941.000000, 0.000036
941.000000, 0.000033
941.000000, 0.000031
941.000000, 0.000029
942.000000, 0.000027
942.000000, 0.000027
942.000000, 0.000028
942.000000, 0.000028
942.000000, 0.000029
943.000000, 0.000030
943.000000, 0.000031
943.000000, 0.000032
943.000000, 0.000033
943.000000, 0.000034
944.000000, 0.000035
944.000000, 0.000034
944.000000, 0.000034
944.000000, 0.000034
944.000000, 0.000034
945.000000, 0.000034
945.000000, 0.000034
945.000000, 0.000034
945.000000, 0.000033
945.000000, 0.000033
946.000000, 0.000033
946.000000, 0.000033
946.000000, 0.000034
946.000000, 0.000035
946.000000, 0.000035
947.000000, 0.000036
947.000000, 0.000037
947.000000, 0.000038
947.000000, 0.000038
947.000000, 0.000039
948.000000, 0.000040
948.000000, 0.000041
948.000000, 0.000041
948.000000, 0.000041
948.000000, 0.000042
949.000000, 0.000042
949.000000, 0.000042
949.000000, 0.000043
949.000000, 0.000043
949.000000, 0.000044
950.000000, 0.000044
950.000000, 0.000045
950.000000, 0.000046
950.000000, 0.000048
950.000000, 0.000049
951.000000, 0.000051
951.000000, 0.000053
951.000000, 0.000054
951.000000, 0.000056
951.000000, 0.000058
952.000000, 0.000060
952.000000, 0.000061
952.000000, 0.000063
952.000000, 0.000064
952.000000, 0.000066
953.000000, 0.000068
953.000000, 0.000069
953.000000, 0.000071
953.000000, 0.000073
953.000000, 0.000075
954.000000, 0.000076
954.000000, 0.000075
954.000000, 0.000074
954.000000, 0.000073
954.000000, 0.000071
955.000000, 0.000070
955.000000, 0.000069
955.000000, 0.000068
955.000000, 0.000067
955.000000, 0.000066
956.000000, 0.000065
956.000000, 0.000064
956.000000, 0.000062
956.000000, 0.000061
956.000000, 0.000060
957.000000, 0.000059
957.000000, 0.000058
957.000000, 0.000057
957.000000, 0.000056
957.000000, 0.000055
958.000000, 0.000054
958.000000, 0.000053
958.000000, 0.000053
958.000000, 0.000053
958.000000, 0.000053
959.000000, 0.000053
959.000000, 0.000053
959.000000, 0.000053
959.000000, 0.000053
959.000000, 0.000052
960.000000, 0.000052
960.000000, 0.000051
960.000000, 0.000049
960.000000, 0.000048
960.000000, 0.000046
961.000000, 0.000044
961.000000, 0.000043
961.000000, 0.000041
961.000000, 0.000040
961.000000, 0.000038
962.000000, 0.000037
962.000000, 0.000036
962.000000, 0.000036
962.000000, 0.000035
962.000000, 0.000034
963.000000, 0.000034
963.000000, 0.000033
963.000000, 0.000032
963.000000, 0.000032
963.000000, 0.000031
964.000000, 0.000031
964.000000, 0.000033
964.000000, 0.000035
964.000000, 0.000037
964.000000, 0.000039
965.000000, 0.000042
965.000000, 0.000044
965.000000, 0.000047
965.000000, 0.000050
965.000000, 0.000053
966.000000, 0.000056
966.000000, 0.000060
966.000000, 0.000061
966.000000, 0.000062
966.000000, 0.000063
967.000000, 0.000064
967.000000, 0.000065
967.000000, 0.000066
967.000000, 0.000067
967.000000, 0.000069
968.000000, 0.000070
968.000000, 0.000072
968.000000, 0.000075
968.000000, 0.000078
968.000000, 0.000082
969.000000, 0.000085
969.000000, 0.000089
969.000000, 0.000093
969.000000, 0.000097
969.000000, 0.000102
970.000000, 0.000106
970.000000, 0.000109
970.000000, 0.000111
970.000000, 0.000112
970.000000, 0.000114
971.000000, 0.000116
971.000000, 0.000118
971.000000, 0.000120
971.000000, 0.000122
971.000000, 0.000124
972.000000, 0.000126
972.000000, 0.000126
972.000000, 0.000126
972.000000, 0.000126
972.000000, 0.000126
973.000000, 0.000127
973.000000, 0.000127
973.000000, 0.000127
973.000000, 0.000127
973.000000, 0.000127
974.000000, 0.000127
974.000000, 0.000127
974.000000, 0.000128
974.000000, 0.000129
974.000000, 0.000129
975.000000, 0.000130
975.000000, 0.000130
975.000000, 0.000131
975.000000, 0.000132
975.000000, 0.000132
976.000000, 0.000133
976.000000, 0.000133
976.000000, 0.000130
976.000000, 0.000127
976.000000, 0.000124
977.000000, 0.000122
977.000000, 0.000119
977.000000, 0.000117
977.000000, 0.000114
977.000000, 0.000112
978.000000, 0.000109
978.000000, 0.000108
978.000000, 0.000107
978.000000, 0.000107
978.000000, 0.000107
979.000000, 0.000107
979.000000, 0.000106
979.000000, 0.000106
979.000000, 0.000106
979.000000, 0.000105
980.000000, 0.000105
980.000000, 0.000105
980.000000, 0.000106
980.000000, 0.000106
980.000000, 0.000107
981.000000, 0.000107
981.000000, 0.000107
981.000000, 0.000108
981.000000, 0.000108
981.000000, 0.000109
982.000000, 0.000109
982.000000, 0.000109
982.000000, 0.000109
982.000000, 0.000109
982.000000, 0.000109
983.000000, 0.000109
983.000000, 0.000109
983.000000, 0.000109
983.000000, 0.000108
983.000000, 0.000108
984.000000, 0.000108
984.000000, 0.000108
984.000000, 0.000108
984.000000, 0.000109
984.000000, 0.000109
985.000000, 0.000109
985.000000, 0.000109
985.000000, 0.000109
985.000000, 0.000109
985.000000, 0.000109
986.000000, 0.000109
986.000000, 0.000109
986.000000, 0.000109
986.000000, 0.000108
986.000000, 0.000107
987.000000, 0.000106
987.000000, 0.000105
987.000000, 0.000105
987.000000, 0.000104
987.000000, 0.000103
988.000000, 0.000102
988.000000, 0.000103
988.000000, 0.000105
988.000000, 0.000107
988.000000, 0.000109
989.000000, 0.000112
989.000000, 0.000114
989.000000, 0.000116
989.000000, 0.000119
989.000000, 0.000121
990.000000, 0.000124
990.000000, 0.000125
990.000000, 0.000125
990.000000, 0.000126
990.000000, 0.000126
991.000000, 0.000127
991.000000, 0.000127
991.000000, 0.000127
991.000000, 0.000128
991.000000, 0.000128
992.000000, 0.000129
992.000000, 0.000132
992.000000, 0.000135
992.000000, 0.000138
992.000000, 0.000142
993.000000, 0.000145
993.000000, 0.000149
993.000000, 0.000153
993.000000, 0.000156
993.000000, 0.000160
994.000000, 0.000163
994.000000, 0.000161
994.000000, 0.000158
994.000000, 0.000155
994.000000, 0.000153
995.000000, 0.000150
995.000000, 0.000147
995.000000, 0.000145
995.000000, 0.000142
995.000000, 0.000140
996.000000, 0.000138
996.000000, 0.000136
996.000000, 0.000135
996.000000, 0.000135
996.000000, 0.000135
997.000000, 0.000134
997.000000, 0.000134
997.000000, 0.000134
997.000000, 0.000133
997.000000, 0.000133
998.000000, 0.000133
998.000000, 0.000133
998.000000, 0.000132
998.000000, 0.000132
998.000000, 0.000131
999.000000, 0.000131
999.000000, 0.000130
999.000000, 0.000130
999.000000, 0.000129
999.000000, 0.000129
1000.000000, 0.000128
1000.000000, 0.000127
1000.000000, 0.000124
1000.000000, 0.000122
1000.000000, 0.000120
1001.000000, 0.000118
1001.000000, 0.000115
1001.000000, 0.000113
1001.000000, 0.000111
1001.000000, 0.000109
1002.000000, 0.000107
1002.000000, 0.000107
1002.000000, 0.000108
1002.000000, 0.000108
1002.000000, 0.000108
1003.000000, 0.000109
1003.000000, 0.000109
1003.000000, 0.000109
1003.000000, 0.000110
1003.000000, 0.000110
1004.000000, 0.000110
1004.000000, 0.000104
1004.000000, 0.000098
1004.000000, 0.000092
1004.000000, 0.000087
1005.000000, 0.000082
1005.000000, 0.000077
1005.000000, 0.000073
1005.000000, 0.000069
1005.000000, 0.000065
1006.000000, 0.000061
1006.000000, 0.000058
1006.000000, 0.000054
1006.000000, 0.000052
1006.000000, 0.000051
1007.000000, 0.000049
1007.000000, 0.000047
1007.000000, 0.000046
1007.000000, 0.000044
1007.000000, 0.000043
1008.000000, 0.000041
1008.000000, 0.000040
1008.000000, 0.000039
1008.000000, 0.000043
1008.000000, 0.000049
1009.000000, 0.000055
1009.000000, 0.000062
1009.000000, 0.000071
1009.000000, 0.000080
1009.000000, 0.000090
1010.000000, 0.000102
1010.000000, 0.000116
1010.000000, 0.000129
1010.000000, 0.000134
1010.000000, 0.000139
1011.000000, 0.000145
1011.000000, 0.000150
1011.000000, 0.000156
1011.000000, 0.000162
1011.000000, 0.000168
1012.000000, 0.000174
1012.000000, 0.000181
1012.000000, 0.000190
1012.000000, 0.000203
1012.000000, 0.000217
1013.000000, 0.000232
1013.000000, 0.000249
1013.000000, 0.000266
1013.000000, 0.000285
1013.000000, 0.000305
1014.000000, 0.000326
1014.000000, 0.000349
1014.000000, 0.000369
1014.000000, 0.000387
1014.000000, 0.000407
1015.000000, 0.000427
1015.000000, 0.000448
1015.000000, 0.000471
1015.000000, 0.000494
1015.000000, 0.000519
1016.000000, 0.000545
1016.000000, 0.000572
1016.000000, 0.000592
1016.000000, 0.000610
1016.000000, 0.000630
1017.000000, 0.000649
1017.000000, 0.000670
1017.000000, 0.000691
1017.000000, 0.000713
1017.000000, 0.000735
1018.000000, 0.000758
1018.000000, 0.000780
1018.000000, 0.000774
1018.000000, 0.000769
1018.000000, 0.000764
1019.000000, 0.000758
1019.000000, 0.000753
1019.000000, 0.000748
1019.000000, 0.000743
1019.000000, 0.000737
1020.000000, 0.000732
1020.000000, 0.000725
1020.000000, 0.000715
1020.000000, 0.000704
1020.000000, 0.000694
1021.000000, 0.000684
1021.000000, 0.000674
1021.000000, 0.000664
1021.000000, 0.000654
1021.000000, 0.000645
1022.000000, 0.000635
1022.000000, 0.000629
1022.000000, 0.000625
1022.000000, 0.000620
1022.000000, 0.000616
1023.000000, 0.000612
1023.000000, 0.000608
1023.000000, 0.000604
1023.000000, 0.000599
1023.000000, 0.000595
1024.000000, 0.000591
1024.000000, 0.000581
1024.000000, 0.000569
1024.000000, 0.000558
1024.000000, 0.000546
1025.000000, 0.000535
1025.000000, 0.000552
1025.000000, 0.000570
1025.000000, 0.000588
1025.000000, 0.000599
1026.000000, 0.000607
1026.000000, 0.000616
1026.000000, 0.000624
1026.000000, 0.000633
1026.000000, 0.000642
1027.000000, 0.000650
1027.000000, 0.000659
1027.000000, 0.000669
1027.000000, 0.000678
1027.000000, 0.000698
1028.000000, 0.000720
1028.000000, 0.000743
1028.000000, 0.000767
1028.000000, 0.000791
1028.000000, 0.000816
1029.000000, 0.000842
1029.000000, 0.000869
1029.000000, 0.000896
1029.000000, 0.000926
1029.000000, 0.000966
1030.000000, 0.001007
1030.000000, 0.001051
1030.000000, 0.001095
1030.000000, 0.001143
1030.000000, 0.001191
1031.000000, 0.001242
1031.000000, 0.001296
1031.000000, 0.001351
1031.000000, 0.001413
1031.000000, 0.001484
1032.000000, 0.001558
1032.000000, 0.001637
1032.000000, 0.001719
1032.000000, 0.001805
1032.000000, 0.001896
1033.000000, 0.001991
1033.000000, 0.002091
1033.000000, 0.002196
1033.000000, 0.002303
1033.000000, 0.002413
1034.000000, 0.002528
1034.000000, 0.002649
1034.000000, 0.002776
1034.000000, 0.002908
1034.000000, 0.003047
1035.000000, 0.003193
1035.000000, 0.003345
1035.000000, 0.003505
1035.000000, 0.003580
1035.000000, 0.003647
1036.000000, 0.003714
1036.000000, 0.003783
1036.000000, 0.003853
1036.000000, 0.003924
1036.000000, 0.003997
1037.000000, 0.004070
1037.000000, 0.004146
1037.000000, 0.004208
1037.000000, 0.004187
1037.000000, 0.004166
1038.000000, 0.004146
1038.000000, 0.004125
1038.000000, 0.004104
1038.000000, 0.004084
1038.000000, 0.004064
1039.000000, 0.004044
1039.000000, 0.004023
1039.000000, 0.003986
1039.000000, 0.003924
1039.000000, 0.003863
1040.000000, 0.003803
1040.000000, 0.003744
1040.000000, 0.003686
1040.000000, 0.003629
1040.000000, 0.003573
1041.000000, 0.003517
1041.000000, 0.003462
1041.000000, 0.003418
1041.000000, 0.003379
1041.000000, 0.003341
1042.000000, 0.003303
1042.000000, 0.003265
1042.000000, 0.003228
1042.000000, 0.003191
1042.000000, 0.003155
1043.000000, 0.003119
1043.000000, 0.003084
1043.000000, 0.003038
1043.000000, 0.002993
1043.000000, 0.002948
1044.000000, 0.002904
1044.000000, 0.002860
1044.000000, 0.002817
1044.000000, 0.002775
1044.000000, 0.002733
1045.000000, 0.002692
1045.000000, 0.002767
1045.000000, 0.002845
1045.000000, 0.002925
1045.000000, 0.002982
1046.000000, 0.003009
1046.000000, 0.003036
1046.000000, 0.003063
1046.000000, 0.003091
1046.000000, 0.003119
1047.000000, 0.003147
1047.000000, 0.003175
1047.000000, 0.003204
1047.000000, 0.003233
1047.000000, 0.003275
1048.000000, 0.003323
1048.000000, 0.003371
1048.000000, 0.003421
1048.000000, 0.003471
1048.000000, 0.003522
1049.000000, 0.003574
1049.000000, 0.003627
1049.000000, 0.003680
1049.000000, 0.003734
1049.000000, 0.003803
1050.000000, 0.003874
1050.000000, 0.003946
1050.000000, 0.004020
1050.000000, 0.004095
1050.000000, 0.004171
1051.000000, 0.004249
1051.000000, 0.004329
1051.000000, 0.004409
1051.000000, 0.004495
1051.000000, 0.004594
1052.000000, 0.004696
1052.000000, 0.004800
1052.000000, 0.004906
1052.000000, 0.005014
1052.000000, 0.005126
1053.000000, 0.005239
1053.000000, 0.005355
1053.000000, 0.005473
1053.000000, 0.005608
1053.000000, 0.005763
1054.000000, 0.005923
1054.000000, 0.006087
1054.000000, 0.006255
1054.000000, 0.006428
1054.000000, 0.006606
1055.000000, 0.006789
1055.000000, 0.006977
1055.000000, 0.007170
1055.000000, 0.007392
1055.000000, 0.007631
1056.000000, 0.007877
1056.000000, 0.008132
1056.000000, 0.008394
1056.000000, 0.008665
1056.000000, 0.008945
1057.000000, 0.009234
1057.000000, 0.009532
1057.000000, 0.009839
1057.000000, 0.010181
1057.000000, 0.010535
1058.000000, 0.010901
1058.000000, 0.011280
1058.000000, 0.011672
1058.000000, 0.012078
1058.000000, 0.012497
1059.000000, 0.012932
1059.000000, 0.013381
1059.000000, 0.013855
1059.000000, 0.014373
1059.000000, 0.014911
1060.000000, 0.015469
1060.000000, 0.016047
1060.000000, 0.016647
1060.000000, 0.017270
1060.000000, 0.017915
1061.000000, 0.018585
1061.000000, 0.019280
1061.000000, 0.019976
1061.000000, 0.020672
1061.000000, 0.021393
1062.000000, 0.022139
1062.000000, 0.022911
1062.000000, 0.023709
1062.000000, 0.024536
1062.000000, 0.025391
1063.000000, 0.026277
1063.000000, 0.027193
1063.000000, 0.027628
1063.000000, 0.027941
1063.000000, 0.028258
1064.000000, 0.028578
1064.000000, 0.028902
1064.000000, 0.029230
1064.000000, 0.029561
1064.000000, 0.029896
1065.000000, 0.030235
1065.000000, 0.031396
1065.000000, 0.032602
1065.000000, 0.033854
1065.000000, 0.034947
1066.000000, 0.035016
1066.000000, 0.035085
1066.000000, 0.035155
1066.000000, 0.035224
1066.000000, 0.035294
1067.000000, 0.035363
1067.000000, 0.035433
1067.000000, 0.035503
1067.000000, 0.035573
1067.000000, 0.035482
1068.000000, 0.035178
1068.000000, 0.034878
1068.000000, 0.034579
1068.000000, 0.034284
1068.000000, 0.033991
1069.000000, 0.033700
1069.000000, 0.033412
1069.000000, 0.033126
1069.000000, 0.032843
1069.000000, 0.032571
1070.000000, 0.032304
1070.000000, 0.032040
1070.000000, 0.031778
1070.000000, 0.031518
1070.000000, 0.031260
1071.000000, 0.031004
1071.000000, 0.030750
1071.000000, 0.030499
1071.000000, 0.030249
1071.000000, 0.030153
1072.000000, 0.030062
1072.000000, 0.029970
1072.000000, 0.029879
1072.000000, 0.029788
1072.000000, 0.029698
1073.000000, 0.029607
1073.000000, 0.029517
1073.000000, 0.029428
1073.000000, 0.029406
1073.000000, 0.029597
1074.000000, 0.029788
1074.000000, 0.029981
1074.000000, 0.030175
1074.000000, 0.030370
1074.000000, 0.030567
1075.000000, 0.030764
1075.000000, 0.030963
1075.000000, 0.031164
1075.000000, 0.031463
1075.000000, 0.031856
1076.000000, 0.032253
1076.000000, 0.032655
1076.000000, 0.033062
1076.000000, 0.033474
1076.000000, 0.033891
1077.000000, 0.034314
1077.000000, 0.034742
1077.000000, 0.035175
1077.000000, 0.035647
1077.000000, 0.036134
1078.000000, 0.036628
1078.000000, 0.037128
1078.000000, 0.037635
1078.000000, 0.038150
1078.000000, 0.038671
1079.000000, 0.039199
1079.000000, 0.039735
1079.000000, 0.040274
1079.000000, 0.040789
1079.000000, 0.041310
1080.000000, 0.041838
1080.000000, 0.042373
1080.000000, 0.042914
1080.000000, 0.043463
1080.000000, 0.044018
1081.000000, 0.044581
1081.000000, 0.045150
1081.000000, 0.045619
1081.000000, 0.045910
1081.000000, 0.046203
1082.000000, 0.046498
1082.000000, 0.046794
1082.000000, 0.047093
1082.000000, 0.047393
1082.000000, 0.047696
1083.000000, 0.048000
1083.000000, 0.048306
1083.000000, 0.048497
1083.000000, 0.048628
1083.000000, 0.048760
1084.000000, 0.048893
1084.000000, 0.049026
1084.000000, 0.049159
1084.000000, 0.049292
1084.000000, 0.049426
1085.000000, 0.049561
1085.000000, 0.049695
1085.000000, 0.049842
1085.000000, 0.049989
1085.000000, 0.050137
1086.000000, 0.050286
1086.000000, 0.050435
1086.000000, 0.050584
1086.000000, 0.050734
1086.000000, 0.050884
1087.000000, 0.051035
1087.000000, 0.051244
1087.000000, 0.051626
1087.000000, 0.052011
1087.000000, 0.052399
1088.000000, 0.052790
1088.000000, 0.053183
1088.000000, 0.053580
1088.000000, 0.053980
1088.000000, 0.054383
1089.000000, 0.054788
1089.000000, 0.055249
1089.000000, 0.055756
1089.000000, 0.056268
1089.000000, 0.056785
1090.000000, 0.057307
1090.000000, 0.056003
1090.000000, 0.057415
1090.000000, 0.058862
1090.000000, 0.060346
1091.000000, 0.061587
1091.000000, 0.062803
1091.000000, 0.064042
1091.000000, 0.065655
1091.000000, 0.067537
1092.000000, 0.069474
1092.000000, 0.071253
1092.000000, 0.072708
1092.000000, 0.074193
1092.000000, 0.075803
1093.000000, 0.078076
1093.000000, 0.080417
1093.000000, 0.082828
1093.000000, 0.085500
1093.000000, 0.088280
1094.000000, 0.091151
1094.000000, 0.094359
1094.000000, 0.097809
1094.000000, 0.101000
1094.000000, 0.105000
1095.000000, 0.109000
1095.000000, 0.114000
1095.000000, 0.118000
1095.000000, 0.122000
1095.000000, 0.127000
1096.000000, 0.131000
1096.000000, 0.136000
1096.000000, 0.142000
1096.000000, 0.147000
1096.000000, 0.153000
1097.000000, 0.160000
1097.000000, 0.167000
1097.000000, 0.173000
1097.000000, 0.178000
1097.000000, 0.183000
1098.000000, 0.188000
1098.000000, 0.195000
1098.000000, 0.202000
1098.000000, 0.209000
1098.000000, 0.212000
1099.000000, 0.215000
1099.000000, 0.218000
1099.000000, 0.222000
1099.000000, 0.227000
1099.000000, 0.231000
1100.000000, 0.234000
1100.000000, 0.235000
1100.000000, 0.237000
1100.000000, 0.238000
1100.000000, 0.237000
1101.000000, 0.235000
1101.000000, 0.234000
1101.000000, 0.233000
1101.000000, 0.231000
1101.000000, 0.230000
1102.000000, 0.227000
1102.000000, 0.225000
1102.000000, 0.222000
1102.000000, 0.220000
1102.000000, 0.217000
1103.000000, 0.215000
1103.000000, 0.212000
1103.000000, 0.209000
1103.000000, 0.206000
1103.000000, 0.203000
1104.000000, 0.201000
1104.000000, 0.198000
1104.000000, 0.196000
1104.000000, 0.193000
1104.000000, 0.191000
1105.000000, 0.188000
1105.000000, 0.187000
1105.000000, 0.185000
1105.000000, 0.184000
1105.000000, 0.183000
1106.000000, 0.181000
1106.000000, 0.179000
1106.000000, 0.178000
1106.000000, 0.179000
1106.000000, 0.181000
1107.000000, 0.182000
1107.000000, 0.182000
1107.000000, 0.182000
1107.000000, 0.182000
1107.000000, 0.184000
1108.000000, 0.186000
1108.000000, 0.189000
1108.000000, 0.191000
1108.000000, 0.194000
1108.000000, 0.196000
1109.000000, 0.198000
1109.000000, 0.199000
1109.000000, 0.200000
1109.000000, 0.201000
1109.000000, 0.207000
1110.000000, 0.214000
1110.000000, 0.220000
1110.000000, 0.227000
1110.000000, 0.235000
1110.000000, 0.243000
1111.000000, 0.250000
1111.000000, 0.257000
1111.000000, 0.265000
1111.000000, 0.273000
1111.000000, 0.285000
1112.000000, 0.296000
1112.000000, 0.308000
1112.000000, 0.320000
1112.000000, 0.332000
1112.000000, 0.345000
1113.000000, 0.362000
1113.000000, 0.382000
1113.000000, 0.402000
1113.000000, 0.423000
1113.000000, 0.444000
1114.000000, 0.467000
1114.000000, 0.492000
1114.000000, 0.521000
1114.000000, 0.551000
1114.000000, 0.584000
1115.000000, 0.623000
1115.000000, 0.665000
1115.000000, 0.709000
1115.000000, 0.753000
1115.000000, 0.799000
1116.000000, 0.849000
1116.000000, 0.905000
1116.000000, 0.966000
1116.000000, 1.031000
1116.000000, 1.097000
1117.000000, 1.165000
1117.000000, 1.237000
1117.000000, 1.308000
1117.000000, 1.373000
1117.000000, 1.440000
1118.000000, 1.510000
1118.000000, 1.567000
1118.000000, 1.627000
1118.000000, 1.690000
1118.000000, 1.714000
1119.000000, 1.732000
1119.000000, 1.750000
1119.000000, 1.745000
1119.000000, 1.728000
1119.000000, 1.711000
1120.000000, 1.689000
1120.000000, 1.661000
1120.000000, 1.633000
1120.000000, 1.598000
1120.000000, 1.527000
1121.000000, 1.460000
1121.000000, 1.410000
1121.000000, 1.361000
1121.000000, 1.314000
1121.000000, 1.268000
1122.000000, 1.224000
1122.000000, 1.182000
1122.000000, 1.142000
1122.000000, 1.103000
1122.000000, 1.065000
1123.000000, 1.028000
1123.000000, 1.001000
1123.000000, 0.974000
1123.000000, 0.948000
1123.000000, 0.922000
1124.000000, 0.898000
1124.000000, 0.881000
1124.000000, 0.865000
1124.000000, 0.848000
1124.000000, 0.832000
1125.000000, 0.817000
1125.000000, 0.809000
1125.000000, 0.802000
1125.000000, 0.794000
1125.000000, 0.786000
1126.000000, 0.779000
1126.000000, 0.778000
1126.000000, 0.777000
1126.000000, 0.776000
1126.000000, 0.775000
1127.000000, 0.775000
1127.000000, 0.782000
1127.000000, 0.790000
1127.000000, 0.797000
1127.000000, 0.805000
1128.000000, 0.813000
1128.000000, 0.829000
1128.000000, 0.844000
1128.000000, 0.860000
1128.000000, 0.877000
1129.000000, 0.893000
1129.000000, 0.917000
1129.000000, 0.942000
1129.000000, 0.967000
1129.000000, 0.993000
1130.000000, 1.020000
1130.000000, 1.058000
1130.000000, 1.098000
1130.000000, 1.140000
1130.000000, 1.183000
1131.000000, 1.228000
1131.000000, 1.290000
1131.000000, 1.354000
1131.000000, 1.421000
1131.000000, 1.492000
1132.000000, 1.567000
1132.000000, 1.661000
1132.000000, 1.761000
1132.000000, 1.867000
1132.000000, 1.980000
1133.000000, 2.100000
1133.000000, 2.254000
1133.000000, 2.420000
1133.000000, 2.597000
1133.000000, 2.788000
1134.000000, 2.994000
1134.000000, 3.239000
1134.000000, 3.505000
1134.000000, 3.793000
1134.000000, 4.105000
1135.000000, 4.441000
1135.000000, 4.784000
1135.000000, 5.154000
1135.000000, 5.552000
1135.000000, 5.981000
1136.000000, 6.441000
1136.000000, 6.758000
1136.000000, 7.091000
1136.000000, 7.440000
1136.000000, 7.806000
1137.000000, 8.171000
1137.000000, 8.137000
1137.000000, 8.104000
1137.000000, 8.071000
1137.000000, 8.037000
1138.000000, 7.993000
1138.000000, 7.640000
1138.000000, 7.303000
1138.000000, 6.981000
1138.000000, 6.672000
1139.000000, 6.376000
1139.000000, 6.021000
1139.000000, 5.686000
1139.000000, 5.370000
1139.000000, 5.071000
1140.000000, 4.789000
1140.000000, 4.535000
1140.000000, 4.294000
1140.000000, 4.066000
1140.000000, 3.851000
1141.000000, 3.648000
1141.000000, 3.494000
1141.000000, 3.347000
1141.000000, 3.205000
1141.000000, 3.070000
1142.000000, 2.941000
1142.000000, 2.842000
1142.000000, 2.746000
1142.000000, 2.653000
1142.000000, 2.563000
1143.000000, 2.477000
1143.000000, 2.422000
1143.000000, 2.368000
1143.000000, 2.315000
1143.000000, 2.263000
1144.000000, 2.213000
1144.000000, 2.183000
1144.000000, 2.154000
1144.000000, 2.126000
1144.000000, 2.097000
1145.000000, 2.070000
1145.000000, 2.059000
1145.000000, 2.048000
1145.000000, 2.037000
1145.000000, 2.026000
1146.000000, 2.016000
1146.000000, 2.021000
1146.000000, 2.026000
1146.000000, 2.031000
1146.000000, 2.036000
1147.000000, 2.041000
1147.000000, 2.059000
1147.000000, 2.077000
1147.000000, 2.095000
1147.000000, 2.114000
1148.000000, 2.133000
1148.000000, 2.171000
1148.000000, 2.210000
1148.000000, 2.250000
1148.000000, 2.290000
1149.000000, 2.332000
1149.000000, 2.387000
1149.000000, 2.444000
1149.000000, 2.501000
1149.000000, 2.561000
1150.000000, 2.622000
1150.000000, 2.698000
1150.000000, 2.776000
1150.000000, 2.856000
1150.000000, 2.939000
1151.000000, 3.025000
1151.000000, 3.135000
1151.000000, 3.248000
1151.000000, 3.366000
1151.000000, 3.488000
1152.000000, 3.615000
1152.000000, 3.760000
1152.000000, 3.911000
1152.000000, 4.068000
1152.000000, 4.231000
1153.000000, 4.401000
1153.000000, 4.591000
1153.000000, 4.788000
1153.000000, 4.995000
1153.000000, 5.210000
1154.000000, 5.435000
1154.000000, 5.669000
1154.000000, 5.913000
1154.000000, 6.167000
1154.000000, 6.433000
1155.000000, 6.710000
1155.000000, 6.972000
1155.000000, 7.245000
1155.000000, 7.529000
1155.000000, 7.823000
1156.000000, 8.128000
1156.000000, 8.360000
1156.000000, 8.598000
1156.000000, 8.843000
1156.000000, 9.095000
1157.000000, 9.353000
1157.000000, 9.507000
1157.000000, 9.663000
1157.000000, 9.822000
1157.000000, 9.983000
1158.000000, 10.145000
1158.000000, 10.190000
1158.000000, 10.234000
1158.000000, 10.279000
1158.000000, 10.323000
1159.000000, 10.367000
1159.000000, 10.293000
1159.000000, 10.219000
1159.000000, 10.146000
1159.000000, 10.074000
1160.000000, 10.001000
1160.000000, 9.877000
1160.000000, 9.754000
1160.000000, 9.632000
1160.000000, 9.512000
1161.000000, 9.394000
1161.000000, 9.286000
1161.000000, 9.179000
1161.000000, 9.073000
1161.000000, 8.968000
1162.000000, 8.865000
1162.000000, 8.763000
1162.000000, 8.663000
1162.000000, 8.563000
1162.000000, 8.465000
1163.000000, 8.369000
1163.000000, 8.305000
1163.000000, 8.242000
1163.000000, 8.180000
1163.000000, 8.118000
1164.000000, 8.058000
1164.000000, 8.043000
1164.000000, 8.027000
1164.000000, 8.012000
1164.000000, 7.996000
1165.000000, 7.981000
1165.000000, 7.993000
1165.000000, 8.005000
1165.000000, 8.016000
1165.000000, 8.028000
1166.000000, 8.041000
1166.000000, 8.106000
1166.000000, 8.171000
1166.000000, 8.236000
1166.000000, 8.302000
1167.000000, 8.370000
1167.000000, 8.473000
1167.000000, 8.578000
1167.000000, 8.684000
1167.000000, 8.791000
1168.000000, 8.901000
1168.000000, 9.060000
1168.000000, 9.221000
1168.000000, 9.386000
1168.000000, 9.553000
1169.000000, 9.726000
1169.000000, 9.943000
1169.000000, 10.164000
1169.000000, 10.391000
1169.000000, 10.623000
1170.000000, 10.860000
1170.000000, 11.152000
1170.000000, 11.453000
1170.000000, 11.761000
1170.000000, 12.078000
1171.000000, 12.405000
1171.000000, 12.816000
1171.000000, 13.241000
1171.000000, 13.680000
1171.000000, 14.134000
1172.000000, 14.603000
1172.000000, 15.099000
1172.000000, 15.611000
1172.000000, 16.141000
1172.000000, 16.688000
1173.000000, 17.256000
1173.000000, 17.938000
1173.000000, 18.647000
1173.000000, 19.384000
1173.000000, 20.151000
1174.000000, 20.948000
1174.000000, 21.809000
1174.000000, 22.705000
1174.000000, 23.638000
1174.000000, 24.609000
1175.000000, 25.623000
1175.000000, 26.744000
1175.000000, 27.916000
1175.000000, 29.138000
1175.000000, 30.414000
1176.000000, 31.745000
1176.000000, 33.102000
1176.000000, 34.517000
1176.000000, 35.993000
1176.000000, 37.531000
1177.000000, 39.134000
1177.000000, 40.760000
1177.000000, 42.454000
1177.000000, 44.217000
1177.000000, 46.055000
1178.000000, 47.957000
1178.000000, 49.703000
1178.000000, 51.512000
1178.000000, 53.387000
1178.000000, 55.330000
1179.000000, 57.340000
1179.000000, 59.185000
1179.000000, 61.090000
1179.000000, 63.055000
1179.000000, 65.084000
1180.000000, 67.164000
1180.000000, 68.844000
1180.000000, 70.565000
1180.000000, 72.330000
1180.000000, 74.138000
1181.000000, 75.988000
1181.000000, 77.459000
1181.000000, 78.957000
1181.000000, 80.485000
1181.000000, 82.043000
1182.000000, 83.614000
1182.000000, 84.670000
1182.000000, 85.740000
1182.000000, 86.823000
1182.000000, 87.920000
1183.000000, 89.029000
1183.000000, 89.742000
1183.000000, 90.461000
1183.000000, 91.186000
1183.000000, 91.917000
1184.000000, 92.640000
1184.000000, 92.941000
1184.000000, 93.243000
1184.000000, 93.546000
1184.000000, 93.849000
1185.000000, 94.151000
1185.000000, 94.126000
1185.000000, 94.101000
1185.000000, 94.076000
1185.000000, 94.051000
1186.000000, 94.018000
1186.000000, 93.723000
1186.000000, 93.428000
1186.000000, 93.134000
1186.000000, 92.842000
1187.000000, 92.547000
1187.000000, 92.005000
1187.000000, 91.465000
1187.000000, 90.929000
1187.000000, 90.396000
1188.000000, 89.860000
1188.000000, 89.151000
1188.000000, 88.448000
1188.000000, 87.750000
1188.000000, 87.058000
1189.000000, 86.371000
1189.000000, 85.603000
1189.000000, 84.843000
1189.000000, 84.090000
1189.000000, 83.343000
1190.000000, 82.598000
1190.000000, 81.681000
1190.000000, 80.774000
1190.000000, 79.877000
1190.000000, 78.991000
1191.000000, 78.115000
1191.000000, 77.328000
1191.000000, 76.548000
1191.000000, 75.777000
1191.000000, 75.013000
1192.000000, 74.254000
1192.000000, 73.431000
1192.000000, 72.616000
1192.000000, 71.811000
1192.000000, 71.014000
1193.000000, 70.229000
1193.000000, 69.550000
1193.000000, 68.878000
1193.000000, 68.212000
1193.000000, 67.553000
1194.000000, 66.904000
1194.000000, 66.343000
1194.000000, 65.787000
1194.000000, 65.236000
1194.000000, 64.689000
1195.000000, 64.148000
1195.000000, 63.646000
1195.000000, 63.148000
1195.000000, 62.653000
1195.000000, 62.163000
1196.000000, 61.679000
1196.000000, 61.376000
1196.000000, 61.075000
1196.000000, 60.776000
1196.000000, 60.478000
1197.000000, 60.182000
1197.000000, 59.892000
1197.000000, 59.604000
1197.000000, 59.317000
1197.000000, 59.032000
1198.000000, 58.751000
1198.000000, 58.591000
1198.000000, 58.432000
1198.000000, 58.273000
1198.000000, 58.115000
1199.000000, 57.958000
1199.000000, 57.941000
1199.000000, 57.923000
1199.000000, 57.906000
1199.000000, 57.889000
1200.000000, 57.872000
