# Wavelength (nm), Transmission (%)
#Edmund optics stock number: 69-893
565.9236182290429, 1.5869576379941606
565.9184354486159, 1.0546585468108418
565.9145483632958, 0.6554342284233456
569.359801652048, 1.5864568862620985
569.3546188716211, 1.0541577950787797
569.350731786301, 0.6549334766912835
572.8011678554801, 2.1182552257133693
572.7959850750533, 1.5859561345300364
572.7908022946264, 1.0536570433467176
573.6653964916583, 2.650429128963694
575.3731226423072, 1.5855805707309827
576.2269857176316, 1.0531562916146555
576.2230986323115, 0.6539319732271593
579.6618734455301, 0.9195807670867566
578.8002361995653, 0.6535564094281057
583.099352563642, 1.0521547881505313
583.0954654783219, 0.6529304697630351
585.6816729113228, 1.5840783155347964
586.5355359866473, 1.0516540364184692
586.5316489013271, 0.652429718030973
589.108786468581, 0.6520541542319194
600.2770304409014, 0.7169640975006217
602.8535201606019, 0.650051147303671
620.8941309789327, 0.7139595871082491
622.9044019369993, 1.3125039595124548
623.484873344807, 2.110869137665432
624.3296665543846, 0.6469214489782757
626.0555324365274, 1.445119709887237
626.0503496561006, 0.9128206187039041
629.4904201644259, 1.3115441853593381
629.4852373839991, 0.7792450941760052
633.2155435962284, 1.5771512499079279
632.922716502111, 0.9118191152397799
632.0610792561463, 0.6457947575811289
636.3705611810767, 2.108991318670192
636.3653784006499, 1.576692227486859
636.3601956202231, 1.0443931363035404
639.8041532138685, 1.8423410213464706
639.7989704334416, 1.3100419301631376
639.7950833481215, 0.9108176117756415
643.2429280270871, 2.107989815206068
643.2377452466603, 1.575690724022735
643.2325624662335, 1.0433916328394162
645.8226569845544, 2.373763796998688
646.6752243647722, 1.7082647450865096
645.8122914237008, 1.309165614632036
651.8145990055529, 0.17715373033635728
652.6911367452448, 1.9735379751470674
655.2630915320718, 1.440863320164695
655.2475431907912, -0.1560339533852897
658.6940921746502, 0.9080634772492999
669.0019945961126, 0.8400238356552023
676.7340551454276, 0.9054345306559668
691.3358911505397, 0.7036941766009477
693.0585177949158, 1.169205505520324
694.7714267259917, 0.6366560384709743
711.0958893754798, 0.9004270133353316
718.8253585345815, 0.6996881627444367
722.267372585567, 1.2980238885936188
722.2621898051401, 0.7657247974102859
723.9958298579234, 2.3623716950942395
723.9906470774964, 1.8300726039109207
726.0158185292903, 3.9589768634671856
725.7229914351728, 3.2936447287990376
725.717808654746, 2.7613456376157046
724.8445101528209, 1.2976483247945794
727.74686719186, 5.289474215559466
727.4540400977426, 4.624142080891318
726.5703760349637, 2.0958465857035407
729.1669490288184, 4.091592613841968
728.3014246975335, 3.4263439377958207
728.2975376122133, 3.0271196194083245
730.8967019962814, 5.289015193138411
730.8915192158545, 4.756716101955092
732.8912086638829, 4.268483163193338
734.6218254280839, 5.554622257687015
734.3289983339665, 4.889290123018867
736.3528740906536, 6.885119609779295
736.0600469965362, 6.219787475111147
736.0419072650423, 4.356740655969503
738.0891055336501, 8.747916053054908
737.7962784395329, 8.08258391838676
737.7910956591061, 7.550284827203441
738.058008851089, 5.554121505954953
737.7651817569717, 4.888789371286805
739.5338055776363, 10.07845513445821
739.5286227972093, 9.546156043274877
739.5027088950751, 6.8846605873582405
739.4975261146482, 6.352361496174922
741.5537942490031, 11.675060302831156
741.2609671548857, 11.009728168162994
741.2557843744589, 10.477429076979675
741.5278803468689, 9.01356484691452
741.2350532527515, 8.348232712246357
741.2298704723246, 7.815933621063039
741.2246876918978, 7.283634529879706
741.2117307408307, 5.9528868019213945
740.3462064095459, 5.287638125875233
743.0140426342697, 14.602496657784428
743.0088598538428, 14.070197566601095
743.0036770734159, 13.537898475417776
742.9984942929891, 13.005599384234444
742.9933115125623, 12.473300293051125
742.967397610428, 9.811804837134488
742.0772550721156, 6.618135477967527
744.778779369614, 19.392938102568337
744.773596589187, 18.860639011385018
744.7684138087602, 18.328339920201685
744.7632310283334, 17.796040829018352
744.7580482479066, 17.263741737835034
744.7528654674798, 16.7314426466517
744.7476826870528, 16.199143555468382
744.742499906626, 15.666844464285049
744.7373171261991, 15.134545373101716
744.706220443638, 11.94075082600176
744.7010376632111, 11.408451734818428
744.6958548827843, 10.876152643635109
744.6906721023574, 10.343853552451776
744.6809543890571, 9.345792756483036
743.8160779053255, 8.7470814668348
743.8108951248987, 8.214782375651481
743.8057123444719, 7.682483284468148
743.8018252591517, 7.283258966080652
746.5694300070925, 26.844875003268896
746.5642472266657, 26.312575912085563
746.5590644462388, 25.78027682090223
746.553881665812, 25.24797772971891
746.5486988853852, 24.71567863853558
746.5435161049583, 24.18337954735226
746.5383333245314, 23.651080456168927
746.5331505441045, 23.118781364985594
746.5279677636777, 22.586482273802275
746.5227849832509, 22.054183182618942
746.517602202824, 21.521884091435624
746.5124194223972, 20.98958500025229
746.5072366419703, 20.457285909068958
746.5020538615435, 19.92498681788564
746.4502260572749, 14.601995906052366
746.4450432768481, 14.069696814869033
746.4398604964211, 13.537397723685714
746.4346777159943, 13.005098632502381
745.5704490798162, 12.472924729252071
745.5445351776818, 9.811429273335435
748.6827087261429, 38.02286381294172
748.3898816320255, 37.357531678273574
748.3846988515987, 36.82523258709024
748.3795160711718, 36.29293349590692
748.374333290745, 35.76063440472359
748.3691505103181, 35.228335313540256
748.3639677298913, 34.69603622235694
748.3587849494645, 34.163737131173605
748.3536021690376, 33.631438039990286
748.3484193886106, 33.09913894880695
748.3432366081838, 32.56683985762362
748.338053827757, 32.0345407664403
748.3328710473302, 31.50224167525697
748.3276882669034, 30.96994258407365
748.3225054864764, 30.437643492890317
748.3173227060496, 29.905344401706984
748.3121399256227, 29.373045310523665
748.3069571451958, 28.840746219340332
748.301774364769, 28.308447128157013
748.2965915843422, 27.77614803697368
748.2914088039154, 27.243848945790347
748.501311411203, 19.392395621525267
748.2084843170855, 18.72706348685712
748.2039493842121, 18.261301782071712
747.3403685955873, 17.7956652652193
747.3351858151605, 17.26336617403598
747.3300030347336, 16.731067082852647
747.3248202543068, 16.198767991669328
747.31963747388, 15.666468900485995
747.3144546934531, 15.134169809302662
750.5536924602377, 53.725436626983836
750.2608653661205, 53.06010449231569
750.2556825856935, 52.527805401132355
750.2504998052667, 51.99550630994903
750.2453170248398, 51.4632072187657
750.240134244413, 50.93090812758238
750.2349514639861, 50.39860903639905
750.2297686835593, 49.86630994521572
750.2245859031325, 49.33401085403239
750.2194031227056, 48.80171176284907
750.2142203422787, 48.26941267166574
750.2090375618518, 47.737113580482415
750.203854781425, 47.20481448929908
750.1986720009982, 46.672515398115756
750.1934892205713, 46.14021630693243
750.1883064401445, 45.607917215749104
750.1831236597176, 45.07561812456578
750.1779408792906, 44.54331903338245
750.1727580988638, 44.01101994219912
750.167575318437, 43.478720851015794
750.1623925380102, 42.94642175983247
750.1572097575834, 42.41412266864914
750.1520269771564, 41.88182357746582
750.1468441967296, 41.34952448628249
750.1416614163027, 40.81722539509917
750.1364786358758, 40.28492630391584
750.131295855449, 39.752627212732506
750.1261130750222, 39.22032812154919
750.1209302945954, 38.688029030365854
750.2893706584681, 26.578182976634153
749.9971914119042, 25.979388228363916
749.1336106232793, 25.513751711511517
749.1284278428525, 24.981452620328184
749.1232450624257, 24.449153529144866
749.1180622819988, 23.916854437961533
749.112879501572, 23.384555346778214
749.1076967211451, 22.85225625559488
749.1025139407182, 22.319957164411548
749.0973311602913, 21.78765807322823
749.0921483798645, 21.255358982044896
749.0869655994377, 20.723059890861578
749.0817828190109, 20.190760799678245
752.1020481127608, 65.70195753205368
752.096865332334, 65.16965844087035
752.0916825519071, 64.63735934968702
752.0864997714802, 64.1050602585037
752.0813169910534, 63.572761167320365
752.0761342106266, 63.04046207613704
752.0709514301998, 62.508162984953714
752.0657686497728, 61.97586389377038
752.060585869346, 61.443564802587055
752.0554030889191, 60.91126571140373
752.0502203084923, 60.3789666202204
752.0450375280654, 59.84666752903708
752.0398547476386, 59.31436843785375
752.0346719672118, 58.78206934667042
752.0294891867849, 58.24977025548709
752.0243064063579, 57.71747116430377
752.0191236259311, 57.18517207312044
752.0139408455043, 56.652872981937115
752.0087580650775, 56.12057389075378
752.0035752846507, 55.588274799570456
751.9983925042237, 55.05597570838713
751.9932097237969, 54.523676617203805
751.8325435305644, 38.02240479052067
751.8273607501375, 37.490105699337334
751.8221779697107, 36.957806608154016
751.8169951892837, 36.42550751697068
751.8118124088569, 35.893208425787364
750.9475837726789, 35.36103452253704
750.9424009922519, 34.82873543135371
750.9372182118251, 34.29643634017039
750.9320354313982, 33.764137248987055
750.9268526509713, 33.231838157803736
750.9216698705445, 32.6995390666204
750.9164870901177, 32.16723997543707
750.9113043096909, 31.63494088425375
750.9061215292639, 31.10264179307042
750.9009387488371, 30.5703427018871
750.8957559684102, 30.038043610703767
750.8905731879834, 29.505744519520434
750.8853904075565, 28.973445428337115
750.8802076271297, 28.441146337153782
750.8750248467029, 27.908847245970463
750.869842066276, 27.37654815478713
753.8875159698125, 72.6215953415709
753.8823331893857, 72.08929625038758
753.8771504089589, 71.55699715920424
753.871967628532, 71.02469806802091
753.8667848481052, 70.49239897683759
753.8616020676783, 69.96009988565426
753.8564192872515, 69.42780079447093
753.8512365068245, 68.89550170328761
753.8460537263977, 68.36320261210429
753.8408709459709, 67.83090352092094
753.8356881655441, 67.29860442973762
753.8305053851172, 66.7663053385543
753.8253226046903, 66.23400624737097
753.7061186548726, 53.99112715015445
753.7009358744458, 53.458828058971115
753.695753094019, 52.92652896778779
753.690570313592, 52.39422987660446
753.6853875331652, 51.86193078542114
753.6802047527383, 51.32963169423781
753.6750219723115, 50.79733260305448
753.6698391918846, 50.26503351187115
753.6646564114578, 49.73273442068783
753.659473631031, 49.2004353295045
753.6542908506041, 48.668136238321175
753.6491080701771, 48.13583714713785
753.6439252897503, 47.603538055954516
753.6387425093235, 47.07123896477119
753.6342075764501, 46.60547725998578
752.7693310927185, 46.006765970337554
752.7641483122916, 45.47446687915423
752.7589655318648, 44.942167787970895
752.7537827514379, 44.40986869678757
752.7485999710111, 43.87756960560424
752.7434171905843, 43.34527051442092
752.7382344101574, 42.81297142323759
752.7330516297305, 42.280672332054266
752.7278688493036, 41.74837324087093
752.7226860688768, 41.216074149687614
752.71750328845, 40.68377505850428
752.7123205080231, 40.15147596732095
752.7071377275963, 39.61917687613763
752.7019549471694, 39.0868777849543
752.6967721667426, 38.55457869377098
755.6522527051569, 77.4120367863548
755.64706992473, 76.87973769517149
755.6418871443032, 76.34743860398815
755.6367043638763, 75.81513951280483
755.6315215834495, 75.2828404216215
755.6263388030227, 74.75054133043818
755.6211560225958, 74.21824223925485
755.6159732421688, 73.68594314807152
755.610790461742, 73.1536440568882
755.538231535766, 65.70145678032162
755.5330487553392, 65.16915768913829
755.5278659749124, 64.63685859795496
755.5226831944856, 64.10455950677164
755.5175004140586, 63.5722604155883
755.5123176336317, 63.03996132440498
755.5071348532049, 62.50766223322165
755.5019520727781, 61.97536314203832
755.4967692923512, 61.44306405085499
755.4915865119244, 60.91076495967167
755.4864037314975, 60.37846586848834
755.4812209510707, 59.846166777305015
755.4760381706437, 59.31386768612169
755.4708553902169, 58.781568594938356
755.4656726097901, 58.24926950375503
755.4604898293633, 57.716970412571705
755.4553070489364, 57.18467132138838
755.4501242685095, 56.65237223020505
754.5858956323314, 56.120198326954736
754.5807128519045, 55.58789923577141
754.5755300714777, 55.055600144588084
754.5703472910509, 54.52330105340476
757.4221722209281, 82.73477732232206
757.4169894405012, 82.20247823113873
757.4118066600743, 81.6701791399554
757.4066238796474, 81.13788004877208
757.4014410992206, 80.60558095758874
757.3962583187938, 80.07328186640541
757.391075538367, 79.54098277522209
757.38589275794, 79.00868368403876
757.3807099775132, 78.47638459285542
757.3755271970863, 77.9440855016721
757.3236993928178, 72.62109458983883
757.318516612391, 72.08879549865551
757.3133338319641, 71.55649640747218
757.3081510515372, 71.02419731628885
757.3029682711103, 70.49189822510553
757.2977854906835, 69.9595991339222
757.2926027102567, 69.42730004273886
757.2874199298299, 68.89500095155555
757.2822371494029, 68.36270186037223
757.2770543689761, 67.83040276918888
757.2718715885492, 67.29810367800556
757.2666888081224, 66.76580458682224
757.2615060276955, 66.23350549563891
759.1972745171261, 88.58981694947262
759.1920917366992, 88.05751785828929
759.1869089562724, 87.52521876710597
759.1817261758456, 86.99291967592264
759.1765433954188, 86.4606205847393
759.1713606149918, 85.92832149355598
759.166177834565, 85.39602240237265
759.1609950541381, 84.86372331118932
759.1558122737113, 84.331424220006
759.1506294932844, 83.79912512882267
759.1454467128576, 83.26682603763935
759.0884361281621, 77.41153603462274
759.0839011952887, 76.94577432983733
758.219024711557, 76.34706304018911
758.2138419311302, 75.81476394900578
758.2086591507034, 75.28246485782245
758.2034763702766, 74.75016576663913
758.1982935898498, 74.2178666754558
758.1931108094228, 73.68556758427248
758.187928028996, 73.15326849308914
761.2431770906273, 92.8479175737622
760.95034999651, 92.18258543909404
760.9451672160832, 91.65028634791072
760.9399844356562, 91.11798725672739
760.9348016552294, 90.58568816554406
760.9296188748026, 90.05338907436074
760.9244360943758, 89.5210899831774
760.919253313949, 88.98879089199409
759.999309788182, 82.734401758523
759.9941270077552, 82.20210266733967
759.9889442273283, 81.66980357615634
759.9837614469014, 81.13750448497302
759.9785786664745, 80.60520539378969
759.9733958860477, 80.07290630260637
759.9682131056209, 79.54060721142304
759.963030325194, 79.00830812023972
759.9578475447672, 78.47600902905639
759.9526647643403, 77.94370993787305
762.9742257531971, 94.17841492585448
762.6813986590798, 93.51308279118633
761.7718206941665, 88.32329184008191
761.7666379137397, 87.79099274889857
761.7614551333129, 87.25869365771526
761.7562723528861, 86.72639456653192
761.7510895724591, 86.1940954753486
764.3930118950489, 92.84745855134113
764.3878291146219, 92.31515946015782
764.3826463341951, 91.78286036897448
764.3774635537682, 91.25056127779116
764.3722807733413, 90.71826218660783
764.3670979929145, 90.18596309542451
764.3619152124877, 89.65366400424118
764.3580281271675, 89.25443968585368
766.126651947832, 94.44410544902509
766.1214691674052, 93.91180635784175
766.1162863869783, 93.37950726665844
768.1155439366378, 92.84691607029806
767.8227168425204, 92.18158393562992
767.8175340620936, 91.64928484444658
767.8123512816667, 91.11698575326326
767.8071685012399, 90.58468666207993
767.801985720813, 90.05238757089661
767.7968029403862, 89.52008847971328
766.9351656944214, 89.25406412205464
769.5589482855171, 94.04438037890553
769.5537655050903, 93.5120812877222
769.7947647949389, 88.85442251055709
769.5019377008216, 88.18909037588892
770.4063328853078, 92.84658223581003
770.401150104881, 92.3142831446267
771.2537174850988, 91.64878409271452
771.248534704672, 91.1164850015312
771.2433519242451, 90.58418591034787
771.2381691438183, 90.05188681916454
771.2329863633913, 89.51958772798122
771.4998995553744, 87.52342440673274
771.2070724612571, 86.85809227206458
771.2018896808303, 86.32579318088125
771.1967069004033, 85.79349408969793
771.1915241199765, 85.2611949985146
770.3298868740118, 84.99517064085595
772.9445995993603, 88.85396348813603
772.9394168189335, 88.3216643969527
774.6782396521436, 90.45061038581997
774.6730568717168, 89.91831129463665
774.6678740912898, 89.38601220345332
774.6523257500094, 87.78911492990335
774.6471429695825, 87.25681583872002
774.6419601891556, 86.72451674753668
774.6367774087287, 86.19221765635336
774.6315946283019, 85.65991856517003
774.626411847875, 85.1276194739867
776.4222452657805, 93.11185546587058
776.4170624853537, 92.57955637468726
776.4118797049268, 92.04725728350392
776.4066969244999, 91.51495819232059
776.4015141440731, 90.98265910113727
776.3807830223657, 88.85346273640397
776.3756002419389, 88.32116364522064
778.1610680989905, 95.24080145473786
778.1558853185636, 94.70850236355453
778.1507025381368, 94.1762032723712
778.14551975771, 93.64390418118788
777.2553772193975, 90.45023482202093
777.2501944389707, 89.9179357308376
777.2450116585437, 89.38563663965428
780.1758739899306, 96.30510753192748
779.8830468958133, 95.63977539725933
778.9993828330344, 93.11147990207154
778.9954957477142, 92.71225558368404
780.7369099711377, 95.10735111814297
783.3283001845655, 96.57079805509808
783.3231174041387, 96.03849896391475
783.3179346237118, 95.50619987273143
786.7605965222506, 96.17107298497852
786.7554137418238, 95.63877389379519
786.7502309613969, 95.10647480261187
788.7481928159497, 94.44080883345568
788.4553657218323, 93.77547669878751
788.4501829414055, 93.2431776076042
788.4450001609787, 92.71087851642086
789.3286642237575, 95.23917401160865
790.1566133969477, 92.04525427657568
790.1514306165208, 91.51295518539234
790.146247836094, 90.98065609420902
790.141065055667, 90.44835700302569
790.1358822752402, 89.91605791184236
790.1306994948134, 89.38375882065904
790.1255167143865, 88.8514597294757
790.120981781513, 88.3856980246903
791.0260248135527, 93.10972727100932
791.0208420331259, 92.57742817982599
792.1195914836192, 87.78656944193202
791.8267643895019, 87.12123730726387
791.821581609075, 86.58893821608054
790.9599443631103, 86.32291385842188
792.7207940131345, 90.71413098481831
793.5746570884589, 90.18170670570197
793.569474308032, 89.64940761451864
793.5642915276052, 89.1171085233353
793.5591087471782, 88.58480943215199
795.5583662968379, 88.05221823579161
795.2655392027204, 87.38688610112347
795.2603564222936, 86.85458700994013
795.2558214894202, 86.38882530515473
797.034163023385, 92.57655186429487
797.0289802429581, 92.04425277311155
797.0237974625312, 91.51195368192822
797.0186146821044, 90.9796545907449
797.0134319016774, 90.44735549956157
797.0082491212506, 89.91505640837823
797.0030663408238, 89.38275731719492
796.997883560397, 88.85045822601158
799.0593344751787, 94.70545612385115
798.7665073810614, 94.04012398918299
798.7613246006346, 93.50782489799967
798.7561418202076, 92.97552580681634
797.8517466357214, 88.31803394689524
797.8465638552946, 87.78573485571191
797.8413810748677, 87.25343576452859
797.8361982944409, 86.72113667334526
800.7903831377484, 96.03595347594343
800.4975560436312, 95.37062134127528
799.6087092004254, 92.31002675490416
799.6035264199986, 91.77772766372084
799.5983436395718, 91.2454285725375
799.593160859145, 90.71312948135419
799.587978078718, 90.18083039017085
799.5840909933979, 89.78160607178336
802.2299004013075, 96.8341934661634
801.3501234238489, 94.7051222893631
801.344940643422, 94.17282319817977
801.3397578629952, 93.64052410699645
801.335870777675, 93.24129978860896
804.2291579509672, 96.30160226980303
803.9363308568497, 95.63627013513488
803.0733979157784, 95.2371710046804
804.809629358775, 97.09996744795602
806.5199468996373, 96.301268435315
806.5147641192104, 95.76896934413166
806.5108770338903, 95.36974502574417
811.643125351584, 93.10672276061693
812.4956927318017, 92.44122370870475
812.4905099513749, 91.90892461752144
811.6288727054102, 91.64290025986278
814.4884718059277, 91.24325864836524
814.1956447118102, 90.57792651369708
814.1904619313834, 90.04562742251375
814.1852791509566, 89.51332833133043
814.1800963705298, 88.9810292401471
813.318459124565, 88.71500488248844
815.0689432137356, 92.04162382651822
816.1780582250826, 88.3153632709909
815.8852311309653, 87.65003113632275
815.8806961980918, 87.18426943153733
817.6266453543888, 90.04512667078168
817.6214625739619, 89.51282757959837
817.6162797935351, 88.98052848841503
819.3278930295041, 88.31490424856985
819.3227102490772, 87.78260515738651
819.3175274686504, 87.2503060662032
821.0718986431409, 90.97614932862045
821.0667158627141, 90.44385023743712
821.0615330822873, 89.9115511462538
821.0563503018604, 89.37925205507047
821.0511675214335, 88.84695296388713
822.8003559154972, 92.04049713512107
822.7951731350704, 91.50819804393774
822.7640764525092, 88.31440349683778
821.8998478163311, 87.78222959358747
821.895960731011, 87.38300527519998
824.5236304074267, 92.57254585043837
824.5080820661462, 90.97564857688839
824.5028992857193, 90.44334948570506
824.4977165052925, 89.91105039452174
824.4925337248656, 89.3787513033384
824.4879987919921, 88.912989598553
826.5228879570863, 92.039954654078
826.2300608629689, 91.37462251940985
827.9624052206455, 92.83819464429797
827.9416740989379, 90.70899827956465
827.9371391660645, 90.24323657477925
829.9616627703049, 92.3056034479376
829.6688356761877, 91.64027131326945
829.6636528957607, 91.10797222208612
831.3752661317297, 90.44234798224093
831.3700833513029, 89.91004889105761
831.3655484184294, 89.44428718627219
832.2550431091885, 92.57141915904123
833.108906184513, 92.03899487992489
833.103723404086, 91.50669578874155
833.0985406236592, 90.97439669755823
833.0778095019518, 88.84520033282492
833.0732745690783, 88.37943862803951
835.0977981733188, 90.44180550119786
834.8049710792014, 89.77647336652971
834.7997882987745, 89.24417427534638
835.0718842711844, 87.78031004528123
835.6782695811265, 91.24017067935084
836.5114015347435, 88.5785500355012
837.3859957317754, 90.17532212111816
838.2385631119932, 89.50982306920598
838.2333803315664, 88.97752397802265
838.5106590844032, 88.04595883914082
838.2178319902857, 87.38062670447268
837.3561947443211, 87.11460234681402
841.9675736291158, 90.17465445214208
841.6747465349983, 89.50932231747392
841.6695637545715, 88.97702322629058
841.6643809741447, 88.44472413510726
841.6591981937179, 87.91242504392395
841.6546632608444, 87.44666333913852
840.7923781673262, 87.11410159508196
843.6986222916855, 91.50515180423436
843.4057951975682, 90.83981966956621
845.1433223356714, 92.83569088563765
845.1381395552446, 92.30339179445433
845.1180562810905, 90.24073281611894
844.253179797359, 89.6420215264707
844.2479970169322, 89.10972243528738
844.2428142365054, 88.57742334410405
844.2376314560786, 88.04512425292071
847.1581282266116, 93.89999696282727
846.8653011324942, 93.23466482815911
845.9920026305691, 91.77096751533799
845.9868198501422, 91.23866842415465
845.9816370697154, 90.70636933297132
847.717868512712, 92.56916577624693
847.7139814273919, 92.16994145785944
850.3157372016733, 94.6979865771812
850.3105544212465, 94.16568748599788
850.3053716408197, 93.63338839481455
849.4424386997482, 93.23428926436007
852.3253603121866, 95.22999356318749
853.7493292344651, 94.43133627985748
853.7441464540382, 93.89903718867414
853.7396115211648, 93.43327548388874
855.4764908117147, 95.36260931356226
855.4713080312879, 94.83031022237894
857.4692698858406, 94.16464425322275
857.1764427917233, 93.49931211855458
857.1712600112965, 92.96701302737127
857.1660772308696, 92.43471393618793
858.0497412936485, 94.96300943137572
859.1640390854225, 91.76904796703174
858.871211991305, 91.10371583236359
858.8660292108782, 90.57141674118026
859.7600588345108, 94.1643104187347
860.6126262147286, 93.49881136682252
860.6074434343017, 92.96651227563919
860.6022606538749, 92.43421318445587
860.863991065431, 89.90575077202406
860.5711639713137, 89.2404186373559
859.709526725349, 88.97439427969726
862.6002225084276, 91.76854721529968
862.3073954143103, 91.10321508063151
862.3022126338834, 90.5709159894482
862.5691258258664, 88.57475266819972
861.4198442662114, 88.17569526705624
864.3001744884363, 89.905250020292
864.0073473943189, 89.23991788562384
864.2798752650976, 87.8204119131573
864.8806458962441, 90.70361519844498
866.0053092488718, 88.57425191646765
866.5909634371064, 89.90491618580396
867.4435308173241, 89.23941713389178
867.715626789734, 87.77555290382662
866.5663452300789, 87.37649550268316
869.4414926718769, 88.57375116473558
871.1725413344467, 89.90424851682788
870.8797142403293, 89.23891638215972
871.1522421111081, 87.81941040969318
870.002528653084, 87.3759947509511
872.6120585980059, 90.70248850704783
871.7322816205472, 88.57341733024754
874.621681708519, 91.23449549305413
873.4659216733303, 90.17006422793149
873.4607388929035, 89.63776513674816
873.4555561124766, 89.10546604556484
875.187900470153, 90.56903817045296
877.7747557507073, 91.56672340262264
881.4992313349564, 91.76579308077332
884.6503618344846, 91.8984088311481
884.6451790540577, 91.36610973996477
884.6399962736309, 90.83381064878145
886.6379581281836, 90.16814467962524
886.3451310340663, 89.5028125449571
887.2236123164182, 91.49880894896155
888.0774753917428, 90.96638466984521
888.0567442700353, 88.83718830511191
889.7890886277119, 90.30076043000003
889.783905847285, 89.76846133881669
889.7787230668581, 89.23616224763337
890.0568656164327, 88.39331362394876
892.3597477194321, 89.63501100222182
893.2136107947566, 89.10258672310547
893.2084280143297, 88.57028763192216
893.2032452339029, 88.03798854073882
896.9361428363457, 89.1020442420624
896.6433157422282, 88.43671210739424
896.6387808093548, 87.97095040260884
900.3775090397777, 89.63384258151368
900.0846819456603, 88.96851044684551
900.0801470127868, 88.5027487420601
899.2178619192688, 88.17018699800354
903.5299352344125, 89.89953310468428
903.5247524539857, 89.36723401350095
903.5195696735589, 88.83493492231761
902.6566367324874, 88.43583579186314
906.9661186574178, 89.89903235295222
906.9609358769909, 89.36673326176889
906.9564009441174, 88.90097155698348
910.4023020804229, 89.89853160122016
910.3971192999961, 89.36623251003682
910.3919365195693, 88.83393341885349
910.3874015866958, 88.36817171406808
913.834598418108, 89.4988065311006
913.8294156376812, 88.96650743991727
913.8242328572544, 88.43420834873393
913.8196979243808, 87.96844664394852
917.2643033655797, 88.83293191538937
917.2591205851529, 88.30063282420603
917.253937804726, 87.76833373302271
920.9894267973822, 89.09853897993796
920.6965997032648, 88.43320684526981
920.6920647703912, 87.9674451404844
919.8297796768732, 87.63488339642782
922.4289440609413, 89.89677897015792
924.4385671714545, 90.42878595616422
924.4282016106008, 89.36418777379757
924.1353745164834, 88.6988556391294
924.1308395836099, 88.233093934344
923.2685544900919, 87.90053219028744
926.1644330535973, 91.22698421707318
927.6039503171565, 92.02522420729314
927.5890498234294, 90.49486432014108
926.7241733396978, 89.89615303049285
926.7189905592709, 89.36385393930952
926.7151034739509, 88.96462962092203
929.6135734276697, 92.55723119329943
928.457813392481, 91.4927999281768
928.4526306120541, 90.96050083699348
930.1797921893037, 91.89177387069826
932.764703927198, 92.68984694367421
936.2028308928632, 92.88895835113588
939.6396621634218, 92.95499498580173
939.634479382995, 92.42269589461841
938.7728421370302, 92.15667153695976
941.6324412375478, 91.75702992546222
941.3396141434305, 91.09169779079406
942.2129126453556, 92.5553951036152
943.3375759979833, 90.42603182163786
943.0447489038659, 89.76069968696972
943.039566123439, 89.22840059578638
943.9232301862179, 91.75669609097417
944.7757975664356, 91.091197039062
945.0375279779919, 88.56273462663019
946.486115107298, 90.29249802642099
946.4809323268712, 89.76019893523765
946.4757495464443, 89.22789984405432
946.748709315592, 87.85275212918638
948.4737114009971, 88.56223387489813
949.0541828088049, 89.3605990530511
949.8976803232756, 87.76357659156811
951.6261375956319, 88.82792439806873
951.6209548152051, 88.2956253068854
951.611884949458, 87.36410189731458
953.3338637462808, 87.76307583983605
955.3538524176479, 89.359681008209
955.0610253235304, 88.69434887354083
955.0558425431036, 88.16204978235751
956.793369681207, 90.15792099842895
955.909705618428, 87.62962550324116
958.5218269535633, 91.22226880492958
958.5166441731365, 90.68996971374625
958.5062786122826, 89.6253715313796
958.5010958318558, 89.09307244019627
958.4959130514289, 88.56077334901295
957.6316844152509, 88.02859944576264
960.2502842259196, 92.2866166114302
960.2451014454928, 91.75431752024687
960.2295531042121, 90.15742024669689
961.9787414982759, 93.35096441793083
961.9735587178491, 92.81866532674749
961.9580103765684, 91.22176805319752
961.9528275961416, 90.68946896201419
961.0834161795366, 89.62499596758055
961.0782333991098, 89.09269687639723
963.9883646087892, 93.88297140393712
963.9728162675085, 92.28607413038714
963.6806370209446, 91.6872793821169
962.8066906714661, 90.15704468289785
965.7142304909321, 94.68116966484607
964.5532876753164, 93.08443930854011
966.2791535574593, 93.88263756944907
966.2752664721392, 93.48341325106158
968.0076108298156, 94.9469853759497
968.0037237444955, 94.5477610575622
971.4321329968604, 93.74881166905514
974.0241710578414, 95.27879599240816
973.1437462328295, 93.08318742920996
976.5993650824353, 95.07880826941536
979.1635456986221, 93.747684977658
979.1583629181953, 93.21538588647468
979.1531801377685, 92.68308679529135
981.1511419923213, 92.01742082613515
980.8583148982038, 91.352088691467
979.9966776522392, 91.08606433380835
981.7316134001289, 92.81578600428813
982.5699281341729, 90.68646445162182
982.564745353746, 90.15416536043848
982.5595625733192, 89.62186626925515
982.5543797928924, 89.08956717807183
983.439339550778, 91.75093744605545
984.2919069309958, 91.08543839414327
984.5536373425518, 88.55697598171146
986.002224471858, 90.28673938150226
985.9970416914311, 89.75444029031893
985.9918589110043, 89.22214119913559
985.9795498074905, 87.95793085757519
987.9898207655572, 88.5564752299794
988.570292173365, 89.35484040813238
989.4137896878358, 87.75781794664938
991.4285955787757, 88.822124023839
991.1357684846585, 88.15679188917085
992.8499731108409, 87.75731719491732
994.583613163624, 89.35396409260127
994.5784303831972, 88.82166500141794
994.5732476027704, 88.28936591023461
996.5932362741373, 89.88597107860755
996.2887479240596, 88.02296598877692
998.0172051964157, 89.08731379527754
998.0120224159889, 88.55501470409422
1000.0371938677829, 90.68391896365048
999.7443667736654, 90.01858682898234
999.7391839932386, 89.486287737799
1000.593047068563, 88.95386345868266
1003.1922114526312, 91.21575903241276
1003.1870286722042, 90.68345994122943
1003.1818458917774, 90.1511608500461
1003.177310958904, 89.68539914526069
1006.6309862658497, 91.48140782627236
1006.6258034854229, 90.94910873508903
1006.6206207049961, 90.41680964390571
1005.7576877639247, 90.01771051345122
1010.0658739937483, 91.34783230174446
1010.0606912133214, 90.81553321056113
1010.0555084328946, 90.28323411937781
1009.1938711869298, 90.01720976171916
1012.0534702874475, 89.61756815022162
1013.4968746363265, 90.81503245882907
1013.4916918558997, 90.28273336764575
1015.4896537104526, 89.61706739848955
1015.1968266163353, 88.95173526382139
1015.1929395310151, 88.5525109454339
1016.927875278905, 90.28223261591368
1018.6394885148741, 89.61660837606848
1018.6343057344473, 89.08430928488517
1018.6291229540204, 88.55201019370183
1018.6239401735936, 88.0197111025185
1020.338144799776, 87.62023640826499
1022.0691934623458, 88.95073376035727
1022.064010681919, 88.41843466917393
1022.0588279014921, 87.88613557799061
1023.7717368325677, 87.35358611094125
1025.7852470284013, 88.28481741533504
1025.4924199342838, 87.61948528066688
1028.9402646132494, 88.8166574840973
1028.9350818328226, 88.28435839291399
1028.9298990523957, 87.75205930173065
1028.0669661113243, 87.35296017127618
1030.9498877237627, 89.3486644701036
1032.3894049873218, 90.14690446032357
1032.3738566460413, 88.55000718677358
1032.3693217131677, 88.08424548198818
1034.1126794792513, 90.67895317564086
1034.1023139183976, 89.6143549932742
1034.0971311379706, 89.08205590209087
1035.8359539711807, 91.21100189095816
1035.825588410327, 90.14640370859149
1034.9509942132952, 88.54963162297453
1037.5592284631102, 91.74305060627545
1037.5488629022564, 90.6784524239088
1037.5391451889561, 89.68039162794005
1036.6742687052247, 89.08168033829183
1039.5688515736235, 92.27505759228174
1039.55848601277, 91.21045940991509
1038.402725977581, 90.14602814479245
1042.7238691584716, 92.806897661044
1042.7193342255982, 92.3411359562586
1041.8557534369734, 91.8754994394062
1046.1587568863702, 92.67332213651612
1049.594292461822, 92.60628399838613
1053.029828037274, 92.53924586025616
1053.0246452568472, 92.00694676907283
1054.7375541879228, 91.47439730202348
1054.732371407496, 90.94209821084014
1055.601782824101, 92.00657120527379
1056.4452803385718, 90.40954874379078
1056.440097558145, 89.87724965260746
1057.314691755177, 91.47402173822442
1058.168554830501, 90.94159745910808
1058.1530064892206, 89.3447001855581
1058.1478237087938, 88.81240109437476
1059.881463761577, 90.40904799205872
1059.87628098115, 89.8767489008754
1059.8613804874228, 88.34638901372332
1061.589189912226, 89.34419943382603
1061.5840071317991, 88.8119003426427
1061.5742894184987, 87.81383954667396
1062.453418548404, 89.87637333707634
1063.5832646814586, 88.27930914628234
1065.021486249911, 88.94447436370648
1065.2944460190588, 87.56932664883854
1067.019448104464, 88.27880839455028
1068.730197543695, 87.52446763950786
1070.1692829088852, 88.27834937212921
1072.1685404585448, 87.74575817576886
1071.0192588988896, 87.34670077462539
1073.8944063406877, 88.54395643667782
1075.605155779919, 87.78961568163541
1077.3357725441197, 89.07575477612909
1077.0429454500024, 88.41042264146093
1078.7571500761849, 88.0109479472074
1080.490790128968, 89.60759484489135
1080.4856073485412, 89.07529575370802
1080.4804245681144, 88.5429966625247
1083.9295649421867, 89.87324363875095
1083.92438216176, 89.34094454756763
1083.9191993813329, 88.8086454563843
1087.3657483651918, 89.87274288701889
1087.360565584765, 89.34044379583555
1087.3566784994448, 88.94121947744806
1090.8019317881972, 89.87224213528683
1090.7967490077704, 89.33994304410349
1090.7915662273433, 88.80764395292017
1092.7916875737408, 88.36376927175702
1094.2342281258823, 89.47251706516727
1094.2290453454552, 88.94021797398393
1096.2270072000083, 88.27455200482774
1097.6665244635672, 89.07279199504771
1099.6657820132268, 88.54020079868735
1099.3729549191096, 87.87486866401919
1098.5113176731447, 87.60884430636054
1102.8143211225415, 88.40666700347046
1102.8091383421147, 87.87436791228713
1102.8046034092413, 87.40860620750172
1106.5355574690238, 88.27304974963155
1106.2427303749066, 87.60771761496339
1105.3810931289418, 87.34169325730474
1109.976923672456, 88.80484808908281
1109.6840965783385, 88.13951595441466
1109.6795616454651, 87.67375424962925
1108.8172765519469, 87.34119250557268
1113.423472656315, 89.86894551971741
1113.1306455621975, 89.20361338504925
1113.1254627817707, 88.67131429386592
1113.120927848897, 88.20555258908051
1112.258642755379, 87.87299084502395
1116.58367302159, 90.933084679663
1116.578490241163, 90.40078558847968
1116.5733074607363, 89.86848649729635
1116.5681246803094, 89.33618740611303
1116.5629418998826, 88.8038883149297
1115.7000089588112, 88.40478918447522
1118.3069475135196, 91.4651333949803
1120.0302220054489, 91.99718211029759
1120.0198564445952, 90.93258392793093
1120.0146736641684, 90.40028483674762
1120.0094908837416, 89.86798574556428
1119.1452622475633, 89.33581184231397
1121.7534964973784, 92.52923082561489
1121.7431309365247, 91.46463264324824
1123.4767709893079, 93.06127954093219
1123.4664054284542, 91.99668135856552
1123.4566877151537, 90.99862056259678
1122.5918112314223, 90.39990927294856
1125.4863940998212, 93.59328652693847
1125.4760285389673, 92.52868834457182
1124.3202685037786, 91.46425707944918
1126.0422473006013, 91.86323102197065
1128.927760303253, 94.12508486638974
1128.6355810566893, 93.5262901181195
1127.7720002680644, 93.0606536012671
1132.0788908027814, 94.25770061676451
1132.074355869908, 93.7919389119791
1135.512482835573, 93.99105031944079
1134.6508455896085, 93.72502596178214
1138.9473705634716, 93.85747479491289
1138.9421877830448, 93.32517570372957
1140.9414453327042, 92.7925845073692
1141.521916740512, 93.59094968552218
1142.3654142549829, 91.99392722403918
1143.234825671588, 93.05840021847283
1144.0886887469123, 92.52597593935647
1144.0783231860587, 91.46137775698982
1144.0731404056316, 90.9290786658065
1144.0686054727582, 90.46331696102108
1145.8015976779882, 91.99342647230712
1145.7808665562807, 89.8642301075738
1145.7763316234073, 89.3984684027884
1147.5132109139572, 91.32780223246192
1147.5080281335302, 90.7955031412786
1147.5028453531033, 90.26320405009527
1147.4905362495897, 88.99899370853487
1149.2144585890726, 89.59757981025008
1149.2040930282187, 88.53298162788343
1150.0838700056775, 90.66205280468373
1150.9377330810019, 90.12962852556738
1150.9273675201482, 89.06503034320073
1150.9176498068477, 88.06696954723199
1152.649346316971, 89.46400428572218
1152.9266250698079, 88.53243914684036
1154.3505939920863, 87.73378186351034
1156.077755569336, 88.66505489721513
1156.0725727889092, 88.13275580603181
1157.784186024878, 87.46713156618662
1159.5126432972345, 88.53147937268724
1159.5074605168077, 87.99918028150391
1161.2210172954367, 87.53316820085247
1162.9540095006664, 89.0632777121385
1162.9488267202396, 88.53097862095518
1162.9436439398128, 87.99867952977185
1164.677283992596, 89.5953264274558
1163.798802710244, 87.59933002345133
1166.4005584845254, 90.12737514277309
1166.3901929236717, 89.06277696040644
1166.385010143245, 88.53047786922312
1166.3804752103713, 88.0647161644377
1168.4101815950387, 90.65938212877938
1168.399816034185, 89.59478394641273
1170.1360474771816, 91.45758038968835
1168.9647391007122, 88.79625185101573
1171.5755647407407, 92.2558203799083
1171.56001639946, 90.65892310635833
1171.5548336190332, 90.126624015175
1171.5502986861597, 89.66086231038959
1170.686717897535, 89.19522579353719
1173.585187851254, 92.7878273659146
1173.5748222904003, 91.72322918354794
1173.2819951962829, 91.0578970488798
1175.024705114813, 93.58606735613456
1174.1345625765007, 90.39239799696762
1174.1306754911805, 89.99317367858012
1176.7479796067425, 94.11811607145185
1176.737614045889, 93.0535178890852
1176.7324312654619, 92.52121879790188
1176.727248485035, 91.98891970671855
1176.7227135521616, 91.52315800193314
1175.85783706843, 90.9244467122849
1178.471254098672, 94.65016478676915
1178.4608885378184, 93.5855666044025
1180.1945285906015, 95.18221350208646
1180.1841630297477, 94.11761531971979
1180.173797468894, 93.05301713735314
1179.3095688327157, 92.52084323410283
1182.2041517011146, 95.71422048809274
1182.193786140261, 94.64962230572608
1181.8983676559303, 93.71814062546626
1185.6455179045468, 96.246018827544
1185.3526908104295, 95.58068669287584
1185.3475080300027, 95.04838760169253
1184.4845750889313, 94.64928847123804
1184.480688003611, 94.25006415285054
1188.7979440991817, 96.51170935071461
1188.7927613187549, 95.97941025953128
1188.7882263858814, 95.51364855474587
1192.2328318270802, 96.37813382618671
1192.2276490466534, 95.8458347350034
1192.2224662662265, 95.31353564382006
1192.2185791809063, 94.91431132543256
1195.6664238598719, 96.11148352886299
1195.661241079445, 95.57918443767966
1195.6560582990182, 95.04688534649632
1195.6508755185914, 94.514586255313
1194.7892382726266, 94.24856189765435
1197.6488373731443, 93.84892028615681
1196.499555813489, 93.44986288501333
1198.2396743418058, 95.71188364667644
1199.0935374171302, 95.1794593675601
1199.0883546367033, 94.64716027637678
1199.0728062954229, 93.0502630028268
1200.801263567779, 94.11461080932742
1200.7960807873521, 93.58231171814408
1200.7857152264985, 92.51771353577743
1200.781180293625, 92.05195183099202
1201.6654922039572, 94.64678471257773
1202.508989718428, 93.04976225109473
1202.4940892247007, 91.51940236394266
1203.378401135033, 94.11423524552836
1204.2309685152507, 93.44873619361618
1204.5082472680874, 92.51717105473436
1204.2154201739702, 91.85183892006621
1204.492698926807, 90.92027378118438
1205.9166678490856, 90.12161649785436
1206.8016276069711, 92.78298676583799
1207.6541949871887, 92.11748771392581
1207.6490122067619, 91.58518862274248
1207.643829426335, 91.05288953155916
1207.6386466459082, 90.52059044037583
1207.6315203228212, 89.78867918999876
1209.3450771014504, 89.32266710934731
1210.2248540789092, 91.4517382861476
1211.0774214591268, 90.78623923423542
1211.0722386787, 90.2539401430521
1211.067055898273, 89.72164105186877
1211.3443346511099, 88.79007591298695
1213.6480805508472, 90.12048980645721
1214.5019436261716, 89.58806552734087
1214.4967608457448, 89.05576643615755
1214.491578065318, 88.52346734497422
1214.4863952848912, 87.9911682537909
1217.9316485736433, 88.92219091162966
1217.9264657932165, 88.38989182044634
1217.9212830127897, 87.857592729263
1217.9173959274694, 87.45836841087551
1221.3626492162216, 88.38939106871427
1221.3574664357948, 87.85709197753094
1221.3529315029214, 87.39133027274553
1224.79753694412, 88.25581554418636
1224.7923541636933, 87.72351645300304
1224.788467078373, 87.32429213461555
1228.5226603759227, 88.52142260873497
1228.2298332818054, 87.85609047406682
1227.3669003407338, 87.45699134361233
1231.9640265793546, 89.05322094818624
1231.6711994852374, 88.38788881351807
1231.666664552364, 87.92212710873267
1230.804379458846, 87.5895653646761
1235.4079841730002, 89.85116883322917
1235.115157078883, 89.185836698561
1235.109974298456, 88.65353760737767
1234.2470413573847, 88.2544384769232
1238.8519417666457, 90.64911671827208
1238.5591146725285, 89.98378458360393
1238.5539318921017, 89.4514854924206
1238.549396959228, 88.9857237876352
1237.68711186571, 88.65316204357863
1242.2958993602913, 91.44706460331501
1242.0030722661738, 90.78173246864685
1241.997889485747, 90.24943337746353
1241.9933545528736, 89.78367167267812
1241.1310694593556, 89.45110992862156
1245.7398569539369, 92.24501248835794
1245.4470298598194, 91.57968035368978
1245.4418470793926, 91.04738126250646
1245.4373121465192, 90.58161955772104
1244.5737313578943, 90.11598304086866
1249.1838145475824, 93.04296037340087
1248.890987453465, 92.37762823873271
1248.8858046730381, 91.84532914754939
1248.8812697401645, 91.37956744276397
1248.0189846466465, 91.04700569870741
1252.6277721412278, 93.84090825844379
1252.3349450471105, 93.17557612377564
1252.3297622666835, 92.64327703259231
1252.32522733381, 92.1775153278069
1251.462942240292, 91.84495358375034
1256.06913834466, 94.37270659789506
1255.7763112505424, 93.7073744632269
1255.7711284701156, 93.17507537204358
1254.9081955290442, 92.77597624158909
1259.510504548092, 94.90450493734632
1259.2176774539746, 94.23917280267817
1259.2131425211012, 93.77341109789276
1258.350857427583, 93.4408493538362
1262.6655221329402, 95.4363450061086
1262.6603393525133, 94.90404591492526
1262.6551565720865, 94.37174682374194
1261.792223631015, 93.97264769328746
1266.3906455647427, 95.70195207065719
1266.0978184706253, 95.03661993598904
1265.2348855295538, 94.63752080553455
1269.5430717593774, 95.96764259382779
1269.5378889789506, 95.43534350264447
1269.5333540460772, 94.96958179785905
1272.9792551823828, 95.96714184209573
1272.974072401956, 95.4348427509124
1272.9701853166357, 95.0356184325249
1276.4154386053879, 95.96664109036367
1276.410255824961, 95.43434199918033
1276.406368739641, 95.03511768079284
1279.8516220283932, 95.9661403386316
1279.8464392479664, 95.43384124744827
1279.8412564675396, 94.90154215626495
1283.2839183660783, 95.56641526851205
1283.2787355856515, 95.03411617732871
1283.2735528052244, 94.5018170861454
1286.71751039887, 95.29976497118832
1286.7123276184432, 94.76746588000499
1286.7071448380163, 94.23516678882166
1285.8455075920515, 93.96914243116302
1288.7051066925692, 93.56950081966546
1290.1485110414485, 94.76696512827293
1290.1433282610215, 94.2346660370896
1291.8549414969907, 93.56904179724441
1291.8497587165639, 93.03674270606108
1291.8452237836902, 92.57098100127567
1293.5769202938134, 93.96801573976587
1293.5594284098727, 92.17150630702214
1295.2885335297824, 93.30239149992067
1295.2833507493556, 92.77009240873736
1295.272985188502, 91.7054942263707
1296.9962596804312, 92.23754294168799
1296.9858941195776, 91.17294475932134
1298.718238477254, 92.63651688420946
1298.9955172300909, 91.70495174532763
1298.9851516692372, 90.64035356296098
1300.409768439069, 89.90823366602888
1301.2888975689743, 91.97076745643125
1302.142760644299, 91.4383431773149
1302.137577863872, 90.90604408613159
1302.132395083445, 90.37374499494825
1302.1226773701449, 89.37568419897951
1303.845304014521, 89.84119552789889
1304.7147154311258, 90.90566852233253
1305.5685785064504, 90.37324424321619
1305.5582129455968, 89.30864606084954
1305.5530301651697, 88.7763469696662
1307.5678360561099, 89.84065304685583
1307.2678826389056, 88.44340966181059
1308.9918049783885, 89.04199576352582
1308.9814394175348, 87.97739758115915
1309.8560336145667, 89.57416966677613
1310.704713909464, 88.50944629647645
1310.6949961961639, 87.51138550050771
1312.426692706287, 88.9084202389979
1312.7039714591237, 87.97685510011608
1314.1279403814021, 87.17819781678607
1315.8551019586519, 88.10947085049087
1315.849919178225, 87.57717175930753
1315.8427928551382, 86.84526050893047
1319.287398296337, 87.7097457803713
1319.2822155159101, 87.17744668918797
1319.2770327354833, 86.64514759800466
1322.7209903291287, 87.44309548304757
1322.7158075487018, 86.91079639186424
1322.7119204633818, 86.51157207347676
1326.4435223707178, 87.4425530020045
1326.1506952766003, 86.77722086733635
1325.2890580306357, 86.5111965096777
1329.8822971839365, 87.70820179586411
1329.589470089819, 87.04286966119595
1328.7265371487476, 86.64377053074148
1333.0373147687847, 88.24004186462638
1333.0321319883578, 87.70774277344304
1333.026949207931, 87.17544368225973
1335.046937879298, 88.77204885063267
1336.4709068015766, 87.97339156730266
1336.466371868703, 87.50762986251723
1338.4908954729435, 89.56999673567559
1338.198068378826, 88.90466460100744
1338.1928855983992, 88.3723655098241
1339.0467486737236, 87.83994123070778
1341.6485044480053, 90.36798635002953
1341.6433216675784, 89.8356872588462
1341.6381388871516, 89.30338816766287
1341.6329561067246, 88.77108907647954
1340.7700231656531, 88.37198994602507
1343.6581275585183, 90.89999333603582
1345.082096480797, 90.1013360527058
1345.0769137003701, 89.56903696152247
1344.2139807592987, 89.169937831068
1346.81573653358, 91.69798295038976
1346.8105537531533, 91.16568385920642
1346.8053709727265, 90.63338476802309
1348.8253596440934, 92.22998993639604
1348.519575598909, 90.23391007376956
1350.249328566372, 91.43133265306602
1350.244145785945, 90.8990335618827
1352.269317237739, 93.02793782143897
1351.9764901436215, 92.36260568677082
1351.9713073631947, 91.83030659558749
1353.6855119893771, 91.43083190133396
1355.7106834411709, 93.55973616089022
1355.4178563470537, 92.89440402622208
1355.4126735666268, 92.36210493503876
1354.5497406255554, 91.96300580458427
1359.152049644603, 94.0915345003415
1358.8592225504858, 93.42620236567333
1358.8546876176122, 92.96044066088793
1357.9924025240941, 92.62787891683136
1362.3070672294514, 94.62337456910376
1362.3018844490246, 94.09107547792044
1362.2967016685977, 93.55877638673711
1361.4337687275263, 93.15967725628263
1365.7458420426701, 94.88902336296337
1365.740659262243, 94.35672427178004
1365.7361243293697, 93.89096256699463
1369.178138380355, 94.48929829284381
1369.1736034474816, 94.02353658805839
1372.61043471804, 94.08957322272425
1376.044026750832, 93.82292292540052
1378.0441480972293, 93.37904824423738
1381.1944148000196, 93.42294747941493
1381.1892320195927, 92.8906483882316
1380.327594773628, 92.62462403057296
1383.1871938741456, 92.2249824190754
1384.625415442598, 92.89014763649953
1384.6131063390842, 91.62593729493913
1386.337028678567, 92.22452339665435
1386.3266631177135, 91.1599252142877
1386.3221281848398, 90.69416350950229
1388.3362862282265, 91.69193220029399
1389.7602551505051, 90.89327491696397
1389.7550723700783, 90.36097582578064
1389.7505374372047, 89.89521412099523
1391.4822339473278, 91.29224885948543
1393.4801958018807, 90.62658289032923
1393.1873687077634, 89.96125075566108
1393.1821859273366, 89.42895166447775
1396.626143520982, 90.22689954952068
1396.6209607405551, 89.69460045833736
1396.6157779601283, 89.16230136715403
1396.611890874808, 88.76307704876653
1400.0571441635605, 89.6940997066053
1400.0519613831334, 89.16180061542197
1400.0467786027066, 88.62950152423863
1400.0428915173866, 88.23027720585114
1403.4881448061387, 89.1612998636899
1403.482962025712, 88.62900077250657
1403.477779245285, 88.09670168132325
1406.9204411438238, 88.76157479357035
1406.915258363397, 88.22927570238701
1406.9107234305234, 87.7635139976016
1410.3540331766155, 88.49492449624663
1410.3488503961887, 87.96262540506328
1410.3449633108687, 87.56340108667578
1413.7902165996209, 88.49442374451455
1413.785033819194, 87.96212465333122
1413.7804988863204, 87.49636294854581
1417.2238086324126, 88.22777344719083
1417.2186258519857, 87.6954743560075
1417.2147387666655, 87.29625003762
1420.659992055418, 88.22727269545877
1420.654809274991, 87.69497360427543
1420.6509221896708, 87.29574928588794
1424.096175478423, 88.2267719437267
1424.0909926979962, 87.69447285254337
1424.087105612676, 87.29524853415587
1427.5323589014283, 88.22627119199464
1427.5271761210015, 87.69397210081131
1427.5232890356813, 87.29474778242381
1430.9685423244334, 88.22577044026256
1430.9633595440066, 87.69347134907925
1430.9594724586864, 87.29424703069175
1434.4047257474388, 88.2252696885305
1434.399542967012, 87.69297059734718
1434.3956558816917, 87.29374627895969
1437.8409091704439, 88.22476893679844
1437.835726390017, 87.69246984561512
1437.8318393046968, 87.29324552722763
1441.2770925934492, 88.22426818506638
1441.2719098130224, 87.69196909388305
1441.2680227277021, 87.29274477549555
1444.7132760164543, 88.22376743333432
1444.7080932360275, 87.69146834215098
1444.7042061507073, 87.29224402376349
1448.1494594394596, 88.22326668160225
1448.1442766590328, 87.69096759041892
1448.1403895737126, 87.29174327203143
1451.585642862465, 88.22276592987019
1451.5804600820381, 87.69046683868686
1451.576572996718, 87.29124252029936
1455.02182628547, 88.22226517813813
1455.0166435050432, 87.6899660869548
1455.012756419723, 87.2907417685673
1458.4580097084754, 88.22176442640607
1458.4528269280486, 87.68946533522274
1458.4489398427284, 87.29024101683524
1462.1805417500643, 88.221221945363
1461.8883625035003, 87.62242719709276
1461.0260774099822, 87.28986545303619
1465.6193165632828, 88.4868707392226
1465.3264894691656, 87.82153860455445
1464.464852223201, 87.5555142468958
1469.060682766715, 89.01866907867387
1468.7678556725978, 88.3533369440057
1468.7633207397241, 87.8875752392203
1472.5020489701471, 89.55046741812512
1472.2092218760297, 88.88513528345698
1472.2046869431563, 88.41937357867155
1471.3424018496382, 88.08681183461499
1475.943415173579, 90.0822657575764
1475.6505880794618, 89.41693362290823
1475.645405299035, 88.88463453172491
1474.7837680530702, 88.61861017406626
1479.3847813770112, 90.61406409702765
1479.091954282894, 89.9487319623595
1479.0874193500204, 89.4829702575741
1478.2238385613955, 89.0173337407217
1482.8287389706568, 91.41201198207058
1482.5359118765393, 90.74667984740242
1482.5307290961125, 90.2143807562191
1481.667796155041, 89.81528162576461
1486.2726965643021, 92.20995986711351
1485.979869470185, 91.54462773244535
1485.974686689758, 91.01232864126203
1485.9701517568847, 90.54656693647661
1485.1078666633666, 90.21400519242005
1489.4277141491505, 92.74179993587578
1489.4225313687236, 92.20950084469244
1489.4173485882968, 91.67720175350912
1489.4128136554234, 91.21144004872372
1491.4373372596638, 93.27380692188207
1493.147654800526, 92.47510790924105
1491.9970775457643, 91.94297573530173
1494.5923548445123, 93.80564699064433
1494.5871720640853, 93.27334789946102
1496.6019779550254, 94.33765397665063
1496.3013766902677, 92.87387320520747
1495.4371480540897, 92.34169930195716
1498.3122954958876, 93.5389549640096
1500.0433441584573, 94.86945231610189
1499.75051706434, 94.20412018143374
1500.6030844445577, 93.53862112952156
1503.198361743306, 95.40129238486416
1503.193178962879, 94.86899329368083
1503.1879961824523, 94.33669420249751
1502.3250632413806, 93.93759507204302
1506.6371365565244, 95.66694117872376
1506.6319537760976, 95.13464208754043
1506.6274188432242, 94.66888038275502
1510.0759113697432, 95.93258997258336
1510.0707285893163, 95.40029088140003
1510.066193656443, 94.93452917661462
1513.5120947927483, 95.9320892208513
1513.5069120123214, 95.39979012966796
1513.5030249270012, 95.00056581128047
1516.946982520647, 95.7985136963234
1516.94179974022, 95.26621460514008
1516.9366169597931, 94.73391551395675
1520.3805745534387, 95.53186339899968
1520.3753917730116, 94.99956430781634
1520.3702089925848, 94.46726521663302
1520.3663219072648, 94.06804089824553
1523.811575196017, 94.99906355608428
1523.8063924155902, 94.46676446490096
1523.8012096351633, 93.93446537371763
1523.797322549843, 93.53524105533013
1527.2425758385953, 94.4662637131689
1527.2373930581684, 93.93396462198557
1527.2322102777416, 93.40166553080223
1527.2270274973148, 92.86936643961891
1529.2258531486052, 92.29241698565994
1529.8158263205291, 94.06666383098235
1530.6696893958535, 93.53423955186601
1530.6645066154267, 93.00194046068268
1532.6637641650861, 92.46934926432232
1532.3709370709687, 91.80401712965416
1531.509299825004, 91.53799277199552
1533.244235572894, 93.2677144424753
1534.082550306938, 91.13839288980897
1535.8148946646145, 92.60196501469709
1535.8097118841877, 92.06966592351377
1535.8045291037606, 91.53736683233043
1536.0818078565974, 90.60580169344861
1537.5064246264294, 89.87368179651651
1538.3855537563347, 91.93621558691888
1539.2394168316591, 91.40379130780254
1539.2342340512323, 90.87149221661922
1539.2290512708055, 90.33919312543588
1541.228308820465, 89.80660192907553
1540.0790272608099, 89.40754452793205
1541.8139630086998, 91.13726619841182
1542.6678260840242, 90.60484191929548
1542.6522777427435, 89.00794464574551
1544.3807350150998, 90.07229245224613
1544.375552234673, 89.5399933610628
1544.3658345213728, 88.54193256509406
1546.3748097843325, 89.00740216470243
1546.9552811921403, 89.80576734285542
1547.798778706611, 88.20874488137241
1549.5259402838608, 89.14001791507721
1549.520757503434, 88.60771882389388
1549.7989000530083, 87.76487020020927
1552.956940926439, 88.60721807216181
1552.951758146012, 88.0749189809785
1552.9465753655852, 87.54261988979516
1552.0849381196206, 87.27659553213651
1556.3879415690174, 88.07441822924643
1556.3827587885905, 87.5421191380631
1556.3782238557171, 87.07635743327769
1559.8215336018093, 87.8077679319227
1559.8163508213825, 87.27546884073936
1559.811815888509, 86.80970713595396
1563.2564213297078, 87.6741924073948
1563.251238549281, 87.14189331621148
1563.2473514639607, 86.74266899782398
1566.6951961429265, 87.93984120125441
1566.6900133624997, 87.40754211007108
1566.685478429626, 86.94178040528567
1570.4203195747289, 88.205448265803
1570.1274924806114, 87.54011613113485
1570.122957547738, 87.07435442634943
1573.5727457693638, 88.4711387889736
1573.567562988937, 87.93883969779029
1573.5630280560636, 87.47307799300486
1575.5823688798769, 89.0031457749799
1577.2926864207393, 88.20444676233888
1576.1421091659774, 87.67231458839957
1579.0237350833088, 89.53494411443116
1578.7309079891918, 88.86961197976301
1580.4438169202676, 88.33706251271364
1582.1787526681571, 90.06678418319343
1582.1735698877303, 89.5344850920101
1582.1683871073035, 89.00218600082678
1584.1883757786707, 90.59879116919971
1583.023545877735, 88.60283649450626
1585.8986933195326, 89.80009215655869
1584.748116064771, 89.26795998261939
1587.343393363519, 91.13063123796199
1587.3382105830922, 90.59833214677866
1589.353016474032, 91.66263822396829
1589.3379000311204, 90.1100992080169
1588.1881865730963, 89.66668354927482
1591.0633340148945, 90.86393921132726
1592.794382677464, 92.19443656341954
1592.5015555833468, 91.5291044287514
1593.3541229635646, 90.86360537683922
1596.2383402711096, 92.99238444846247
1595.9455131769923, 92.32705231379431
1595.9403303965653, 91.79475322261099
1595.077397455494, 91.3956540921565
1599.6797064745415, 93.52418278791373
1599.3868793804245, 92.85885065324558
1599.3816965999977, 92.32655156206225
1598.5187636589262, 91.92745243160778
1601.9730868134254, 93.78999849901736
1601.9679040329984, 93.25769940783402
1601.9627212525716, 92.7254003166507
1601.9588341672516, 92.32617599826321
